-- MySQL dump 10.13  Distrib 8.0.30, for Linux (x86_64)
--
-- Host: localhost    Database: pokedle
-- ------------------------------------------------------
-- Server version	8.0.30

/*!40101 SET @OLD_CHARACTER_SET_CLIENT=@@CHARACTER_SET_CLIENT */;
/*!40101 SET @OLD_CHARACTER_SET_RESULTS=@@CHARACTER_SET_RESULTS */;
/*!40101 SET @OLD_COLLATION_CONNECTION=@@COLLATION_CONNECTION */;
/*!50503 SET NAMES utf8mb4 */;
/*!40103 SET @OLD_TIME_ZONE=@@TIME_ZONE */;
/*!40103 SET TIME_ZONE='+00:00' */;
/*!40014 SET @OLD_UNIQUE_CHECKS=@@UNIQUE_CHECKS, UNIQUE_CHECKS=0 */;
/*!40014 SET @OLD_FOREIGN_KEY_CHECKS=@@FOREIGN_KEY_CHECKS, FOREIGN_KEY_CHECKS=0 */;
/*!40101 SET @OLD_SQL_MODE=@@SQL_MODE, SQL_MODE='NO_AUTO_VALUE_ON_ZERO' */;
/*!40111 SET @OLD_SQL_NOTES=@@SQL_NOTES, SQL_NOTES=0 */;

--
-- Table structure for table `classic_games`
--

DROP TABLE IF EXISTS `classic_games`;
/*!40101 SET @saved_cs_client     = @@character_set_client */;
/*!50503 SET character_set_client = utf8mb4 */;
CREATE TABLE `classic_games` (
  `id` varchar(36) NOT NULL,
  `date` date DEFAULT NULL,
  `pokemon_id` bigint NOT NULL,
  PRIMARY KEY (`id`),
  KEY `FKg3gehhl39qvf6whkh4h6o6voq` (`pokemon_id`),
  CONSTRAINT `FKg3gehhl39qvf6whkh4h6o6voq` FOREIGN KEY (`pokemon_id`) REFERENCES `pokemons` (`id`)
) ENGINE=InnoDB DEFAULT CHARSET=utf8mb4 COLLATE=utf8mb4_0900_ai_ci;
/*!40101 SET character_set_client = @saved_cs_client */;

--
-- Dumping data for table `classic_games`
--

LOCK TABLES `classic_games` WRITE;
/*!40000 ALTER TABLE `classic_games` DISABLE KEYS */;
INSERT INTO `classic_games` VALUES ('3d271053-3d33-45b1-b591-b3eaaf4867a6','2022-12-22',763);
/*!40000 ALTER TABLE `classic_games` ENABLE KEYS */;
UNLOCK TABLES;

--
-- Table structure for table `classic_games_player`
--

DROP TABLE IF EXISTS `classic_games_player`;
/*!40101 SET @saved_cs_client     = @@character_set_client */;
/*!50503 SET character_set_client = utf8mb4 */;
CREATE TABLE `classic_games_player` (
  `id` varchar(36) NOT NULL,
  `creation_date` datetime(6) DEFAULT NULL,
  `score` double DEFAULT NULL,
  `success` bit(1) DEFAULT NULL,
  `success_date` datetime(6) DEFAULT NULL,
  `game_id` varchar(36) NOT NULL,
  `user_id` varchar(36) NOT NULL,
  PRIMARY KEY (`id`),
  KEY `FK8nb31dx7vd2pc7sodxgwnb8qp` (`game_id`),
  KEY `FKnp9gdelh3jtn8coakgwnxj83j` (`user_id`),
  CONSTRAINT `FK8nb31dx7vd2pc7sodxgwnb8qp` FOREIGN KEY (`game_id`) REFERENCES `classic_games` (`id`),
  CONSTRAINT `FKnp9gdelh3jtn8coakgwnxj83j` FOREIGN KEY (`user_id`) REFERENCES `users` (`id`)
) ENGINE=InnoDB DEFAULT CHARSET=utf8mb4 COLLATE=utf8mb4_0900_ai_ci;
/*!40101 SET character_set_client = @saved_cs_client */;

--
-- Dumping data for table `classic_games_player`
--

LOCK TABLES `classic_games_player` WRITE;
/*!40000 ALTER TABLE `classic_games_player` DISABLE KEYS */;
INSERT INTO `classic_games_player` VALUES ('6e6c49f4-dc54-4dac-9333-0a18f0a7c741','2022-12-22 23:40:38.207000',44,_binary '','2022-12-22 23:43:52.716000','3d271053-3d33-45b1-b591-b3eaaf4867a6','68d6ca94-e6d4-4f0c-b105-0d358ce11fff');
/*!40000 ALTER TABLE `classic_games_player` ENABLE KEYS */;
UNLOCK TABLES;

--
-- Table structure for table `classic_rounds`
--

DROP TABLE IF EXISTS `classic_rounds`;
/*!40101 SET @saved_cs_client     = @@character_set_client */;
/*!50503 SET character_set_client = utf8mb4 */;
CREATE TABLE `classic_rounds` (
  `id` varchar(36) NOT NULL,
  `round` bigint DEFAULT NULL,
  `game_player_id` varchar(36) NOT NULL,
  `pokemon_id` bigint NOT NULL,
  PRIMARY KEY (`id`),
  KEY `FKklgr0vhsx4yfgvgjgxvwlqake` (`game_player_id`),
  KEY `FKmlfyu4sbm3lf3xkd30k5e4wwb` (`pokemon_id`),
  CONSTRAINT `FKklgr0vhsx4yfgvgjgxvwlqake` FOREIGN KEY (`game_player_id`) REFERENCES `classic_games_player` (`id`),
  CONSTRAINT `FKmlfyu4sbm3lf3xkd30k5e4wwb` FOREIGN KEY (`pokemon_id`) REFERENCES `pokemons` (`id`)
) ENGINE=InnoDB DEFAULT CHARSET=utf8mb4 COLLATE=utf8mb4_0900_ai_ci;
/*!40101 SET character_set_client = @saved_cs_client */;

--
-- Dumping data for table `classic_rounds`
--

LOCK TABLES `classic_rounds` WRITE;
/*!40000 ALTER TABLE `classic_rounds` DISABLE KEYS */;
INSERT INTO `classic_rounds` VALUES ('00ea7eb2-3862-4381-8497-692a439454ac',8,'6e6c49f4-dc54-4dac-9333-0a18f0a7c741',789),('0803dff2-9be8-4b10-a8ad-a88749dedf73',6,'6e6c49f4-dc54-4dac-9333-0a18f0a7c741',717),('132bd3c1-3076-4bf6-ae02-c5220be72759',12,'6e6c49f4-dc54-4dac-9333-0a18f0a7c741',755),('1e1a4b68-1270-4a2a-916e-7ec4f6cef806',16,'6e6c49f4-dc54-4dac-9333-0a18f0a7c741',763),('22d9d6dc-d4e8-47dc-a11a-af79a760d446',5,'6e6c49f4-dc54-4dac-9333-0a18f0a7c741',587),('417d3b4e-4b87-4ddd-8ed8-35ce42051584',3,'6e6c49f4-dc54-4dac-9333-0a18f0a7c741',301),('427bce12-1a34-483c-9775-741fff5d4ea5',4,'6e6c49f4-dc54-4dac-9333-0a18f0a7c741',393),('4fa35f9e-9a7b-4f48-adc1-7e244f571464',2,'6e6c49f4-dc54-4dac-9333-0a18f0a7c741',543),('7b76de54-2730-43d0-9201-b7f9bd4ef1b7',15,'6e6c49f4-dc54-4dac-9333-0a18f0a7c741',761),('831a687f-609b-43d2-8aed-b64fe7ebe811',0,'6e6c49f4-dc54-4dac-9333-0a18f0a7c741',94),('94b1474d-cd2d-421c-862c-1e8ea0b36914',9,'6e6c49f4-dc54-4dac-9333-0a18f0a7c741',849),('ab9abad7-d521-4734-8849-2c97acbf2c50',10,'6e6c49f4-dc54-4dac-9333-0a18f0a7c741',741),('b0fd1abe-7868-4a5f-b937-fdc389d753fd',7,'6e6c49f4-dc54-4dac-9333-0a18f0a7c741',791),('cd15c0ac-8e6d-4756-83f0-f9ba2f134f3b',11,'6e6c49f4-dc54-4dac-9333-0a18f0a7c741',748),('e508a642-c396-4439-8bfa-5195bd98bf18',1,'6e6c49f4-dc54-4dac-9333-0a18f0a7c741',200),('f41acfec-9794-4a5f-84c9-1c5eeb0fe722',13,'6e6c49f4-dc54-4dac-9333-0a18f0a7c741',756),('f9b438f8-f2d6-45d1-8f2a-c8acb1a342e5',14,'6e6c49f4-dc54-4dac-9333-0a18f0a7c741',758);
/*!40000 ALTER TABLE `classic_rounds` ENABLE KEYS */;
UNLOCK TABLES;

--
-- Table structure for table `pokemon_shapes`
--

DROP TABLE IF EXISTS `pokemon_shapes`;
/*!40101 SET @saved_cs_client     = @@character_set_client */;
/*!50503 SET character_set_client = utf8mb4 */;
CREATE TABLE `pokemon_shapes` (
  `id` bigint NOT NULL AUTO_INCREMENT,
  `link_icon` varchar(255) DEFAULT NULL,
  `name` varchar(255) DEFAULT NULL,
  PRIMARY KEY (`id`)
) ENGINE=InnoDB AUTO_INCREMENT=15 DEFAULT CHARSET=utf8mb4 COLLATE=utf8mb4_0900_ai_ci;
/*!40101 SET character_set_client = @saved_cs_client */;

--
-- Dumping data for table `pokemon_shapes`
--

LOCK TABLES `pokemon_shapes` WRITE;
/*!40000 ALTER TABLE `pokemon_shapes` DISABLE KEYS */;
INSERT INTO `pokemon_shapes` VALUES (1,'/asset/shape/08.png','quadruped'),(2,'/asset/shape/06.png','upright'),(3,'/asset/shape/01.png','ball'),(4,'/asset/shape/07.png','legs'),(5,'/asset/shape/03.png','fish'),(6,'/asset/shape/14.png','armor'),(7,'/asset/shape/13.png','bug-wings'),(8,'/asset/shape/11.png','heads'),(9,'/asset/shape/10.png','tentacles'),(10,'/asset/shape/05.png','blob'),(11,'/asset/shape/12.png','humanoid'),(12,'/asset/shape/09.png','wings'),(13,'/asset/shape/02.png','squiggle'),(14,'/asset/shape/04.png','arms');
/*!40000 ALTER TABLE `pokemon_shapes` ENABLE KEYS */;
UNLOCK TABLES;

--
-- Table structure for table `pokemon_types`
--

DROP TABLE IF EXISTS `pokemon_types`;
/*!40101 SET @saved_cs_client     = @@character_set_client */;
/*!50503 SET character_set_client = utf8mb4 */;
CREATE TABLE `pokemon_types` (
  `id` bigint NOT NULL AUTO_INCREMENT,
  `link_icon` varchar(255) DEFAULT NULL,
  `name` varchar(255) DEFAULT NULL,
  PRIMARY KEY (`id`)
) ENGINE=InnoDB AUTO_INCREMENT=19 DEFAULT CHARSET=utf8mb4 COLLATE=utf8mb4_0900_ai_ci;
/*!40101 SET character_set_client = @saved_cs_client */;

--
-- Dumping data for table `pokemon_types`
--

LOCK TABLES `pokemon_types` WRITE;
/*!40000 ALTER TABLE `pokemon_types` DISABLE KEYS */;
INSERT INTO `pokemon_types` VALUES (1,'/asset/types/grass.png','grass'),(2,'/asset/types/fire.png','fire'),(3,'/asset/types/water.png','water'),(4,'/asset/types/bug.png','bug'),(5,'/asset/types/normal.png','normal'),(6,'/asset/types/poison.png','poison'),(7,'/asset/types/electric.png','electric'),(8,'/asset/types/ground.png','ground'),(9,'/asset/types/fairy.png','fairy'),(10,'/asset/types/fighting.png','fighting'),(11,'/asset/types/psychic.png','psychic'),(12,'/asset/types/rock.png','rock'),(13,'/asset/types/ghost.png','ghost'),(14,'/asset/types/ice.png','ice'),(15,'/asset/types/dragon.png','dragon'),(16,'/asset/types/dark.png','dark'),(17,'/asset/types/steel.png','steel'),(18,'/asset/types/flying.png','flying');
/*!40000 ALTER TABLE `pokemon_types` ENABLE KEYS */;
UNLOCK TABLES;

--
-- Table structure for table `pokemons`
--

DROP TABLE IF EXISTS `pokemons`;
/*!40101 SET @saved_cs_client     = @@character_set_client */;
/*!50503 SET character_set_client = utf8mb4 */;
CREATE TABLE `pokemons` (
  `id` bigint NOT NULL,
  `color` varchar(255) DEFAULT NULL,
  `generation` bigint DEFAULT NULL,
  `height` double DEFAULT NULL,
  `link_big_sprite` varchar(255) DEFAULT NULL,
  `link_icon` varchar(255) DEFAULT NULL,
  `link_small_sprite` varchar(255) DEFAULT NULL,
  `name_en` varchar(255) DEFAULT NULL,
  `name_fr` varchar(255) DEFAULT NULL,
  `weight` double DEFAULT NULL,
  `shape_id` bigint NOT NULL,
  `type1_id` bigint NOT NULL,
  `type2_id` bigint DEFAULT NULL,
  PRIMARY KEY (`id`),
  KEY `FKc9y33n9982x04mr81wqlp739m` (`shape_id`),
  KEY `FKbxh7qmd3nhq2wpdr1tfxqevg0` (`type1_id`),
  KEY `FK3pjbqobejm3w1fhjpf0fjiv1w` (`type2_id`),
  CONSTRAINT `FK3pjbqobejm3w1fhjpf0fjiv1w` FOREIGN KEY (`type2_id`) REFERENCES `pokemon_types` (`id`),
  CONSTRAINT `FKbxh7qmd3nhq2wpdr1tfxqevg0` FOREIGN KEY (`type1_id`) REFERENCES `pokemon_types` (`id`),
  CONSTRAINT `FKc9y33n9982x04mr81wqlp739m` FOREIGN KEY (`shape_id`) REFERENCES `pokemon_shapes` (`id`)
) ENGINE=InnoDB DEFAULT CHARSET=utf8mb4 COLLATE=utf8mb4_0900_ai_ci;
/*!40101 SET character_set_client = @saved_cs_client */;

--
-- Dumping data for table `pokemons`
--

LOCK TABLES `pokemons` WRITE;
/*!40000 ALTER TABLE `pokemons` DISABLE KEYS */;
INSERT INTO `pokemons` VALUES (1,'green',1,7,'/asset/imagesHQ/001.png','/asset/thumbnails-compressed/001.png','/asset/images/001.png','bulbasaur','Bulbizarre',69,1,1,6),(2,'green',1,10,'/asset/imagesHQ/002.png','/asset/thumbnails-compressed/002.png','/asset/images/002.png','ivysaur','Herbizarre',130,1,1,6),(3,'green',1,20,'/asset/imagesHQ/003.png','/asset/thumbnails-compressed/003.png','/asset/images/003.png','venusaur','Florizarre',1000,1,1,6),(4,'red',1,6,'/asset/imagesHQ/004.png','/asset/thumbnails-compressed/004.png','/asset/images/004.png','charmander','Salamèche',85,2,2,NULL),(5,'red',1,11,'/asset/imagesHQ/005.png','/asset/thumbnails-compressed/005.png','/asset/images/005.png','charmeleon','Reptincel',190,2,2,NULL),(6,'red',1,17,'/asset/imagesHQ/006.png','/asset/thumbnails-compressed/006.png','/asset/images/006.png','charizard','Dracaufeu',905,2,2,18),(7,'blue',1,5,'/asset/imagesHQ/007.png','/asset/thumbnails-compressed/007.png','/asset/images/007.png','squirtle','Carapuce',90,2,3,NULL),(8,'blue',1,10,'/asset/imagesHQ/008.png','/asset/thumbnails-compressed/008.png','/asset/images/008.png','wartortle','Carabaffe',225,2,3,NULL),(9,'blue',1,16,'/asset/imagesHQ/009.png','/asset/thumbnails-compressed/009.png','/asset/images/009.png','blastoise','Tortank',855,2,3,NULL),(10,'green',1,3,'/asset/imagesHQ/010.png','/asset/thumbnails-compressed/010.png','/asset/images/010.png','caterpie','Chenipan',29,6,4,NULL),(11,'green',1,7,'/asset/imagesHQ/011.png','/asset/thumbnails-compressed/011.png','/asset/images/011.png','metapod','Chrysacier',99,13,4,NULL),(12,'white',1,11,'/asset/imagesHQ/012.png','/asset/thumbnails-compressed/012.png','/asset/images/012.png','butterfree','Papilusion',320,7,4,18),(13,'brown',1,3,'/asset/imagesHQ/013.png','/asset/thumbnails-compressed/013.png','/asset/images/013.png','weedle','Aspicot',32,6,4,6),(14,'yellow',1,6,'/asset/imagesHQ/014.png','/asset/thumbnails-compressed/014.png','/asset/images/014.png','kakuna','Coconfort',100,13,4,6),(15,'yellow',1,10,'/asset/imagesHQ/015.png','/asset/thumbnails-compressed/015.png','/asset/images/015.png','beedrill','Dardargnan',295,7,4,6),(16,'brown',1,3,'/asset/imagesHQ/016.png','/asset/thumbnails-compressed/016.png','/asset/images/016.png','pidgey','Roucool',18,12,5,18),(17,'brown',1,11,'/asset/imagesHQ/017.png','/asset/thumbnails-compressed/017.png','/asset/images/017.png','pidgeotto','Roucoups',300,12,5,18),(18,'brown',1,15,'/asset/imagesHQ/018.png','/asset/thumbnails-compressed/018.png','/asset/images/018.png','pidgeot','Roucarnage',395,12,5,18),(19,'purple',1,3,'/asset/imagesHQ/019.png','/asset/thumbnails-compressed/019.png','/asset/images/019.png','rattata','Rattata',35,1,5,NULL),(20,'brown',1,7,'/asset/imagesHQ/020.png','/asset/thumbnails-compressed/020.png','/asset/images/020.png','raticate','Rattatac',185,1,5,NULL),(21,'brown',1,3,'/asset/imagesHQ/021.png','/asset/thumbnails-compressed/021.png','/asset/images/021.png','spearow','Piafabec',20,12,5,18),(22,'brown',1,12,'/asset/imagesHQ/022.png','/asset/thumbnails-compressed/022.png','/asset/images/022.png','fearow','Rapasdepic',380,12,5,18),(23,'purple',1,20,'/asset/imagesHQ/023.png','/asset/thumbnails-compressed/023.png','/asset/images/023.png','ekans','Abo',69,13,6,NULL),(24,'purple',1,35,'/asset/imagesHQ/024.png','/asset/thumbnails-compressed/024.png','/asset/images/024.png','arbok','Arbok',650,13,6,NULL),(25,'yellow',1,4,'/asset/imagesHQ/025.png','/asset/thumbnails-compressed/025.png','/asset/images/025.png','pikachu','Pikachu',60,1,7,NULL),(26,'yellow',1,8,'/asset/imagesHQ/026.png','/asset/thumbnails-compressed/026.png','/asset/images/026.png','raichu','Raichu',300,2,7,NULL),(27,'yellow',1,6,'/asset/imagesHQ/027.png','/asset/thumbnails-compressed/027.png','/asset/images/027.png','sandshrew','Sabelette',120,2,8,NULL),(28,'yellow',1,10,'/asset/imagesHQ/028.png','/asset/thumbnails-compressed/028.png','/asset/images/028.png','sandslash','Sablaireau',295,2,8,NULL),(29,'blue',1,4,'/asset/imagesHQ/029.png','/asset/thumbnails-compressed/029.png','/asset/images/029.png','nidoran-f','Nidoran♀',70,1,6,NULL),(30,'blue',1,8,'/asset/imagesHQ/030.png','/asset/thumbnails-compressed/030.png','/asset/images/030.png','nidorina','Nidorina',200,1,6,NULL),(31,'blue',1,13,'/asset/imagesHQ/031.png','/asset/thumbnails-compressed/031.png','/asset/images/031.png','nidoqueen','Nidoqueen',600,2,6,8),(32,'purple',1,5,'/asset/imagesHQ/032.png','/asset/thumbnails-compressed/032.png','/asset/images/032.png','nidoran-m','Nidoran♂',90,1,6,NULL),(33,'purple',1,9,'/asset/imagesHQ/033.png','/asset/thumbnails-compressed/033.png','/asset/images/033.png','nidorino','Nidorino',195,1,6,NULL),(34,'purple',1,14,'/asset/imagesHQ/034.png','/asset/thumbnails-compressed/034.png','/asset/images/034.png','nidoking','Nidoking',620,2,6,8),(35,'pink',1,6,'/asset/imagesHQ/035.png','/asset/thumbnails-compressed/035.png','/asset/images/035.png','clefairy','Mélofée',75,2,9,NULL),(36,'pink',1,13,'/asset/imagesHQ/036.png','/asset/thumbnails-compressed/036.png','/asset/images/036.png','clefable','Mélodelfe',400,2,9,NULL),(37,'brown',1,6,'/asset/imagesHQ/037.png','/asset/thumbnails-compressed/037.png','/asset/images/037.png','vulpix','Goupix',99,1,2,NULL),(38,'yellow',1,11,'/asset/imagesHQ/038.png','/asset/thumbnails-compressed/038.png','/asset/images/038.png','ninetales','Feunard',199,1,2,NULL),(39,'pink',1,5,'/asset/imagesHQ/039.png','/asset/thumbnails-compressed/039.png','/asset/images/039.png','jigglypuff','Rondoudou',55,11,5,9),(40,'pink',1,10,'/asset/imagesHQ/040.png','/asset/thumbnails-compressed/040.png','/asset/images/040.png','wigglytuff','Grodoudou',120,11,5,9),(41,'purple',1,8,'/asset/imagesHQ/041.png','/asset/thumbnails-compressed/041.png','/asset/images/041.png','zubat','Nosferapti',75,12,6,18),(42,'purple',1,16,'/asset/imagesHQ/042.png','/asset/thumbnails-compressed/042.png','/asset/images/042.png','golbat','Nosferalto',550,12,6,18),(43,'blue',1,5,'/asset/imagesHQ/043.png','/asset/thumbnails-compressed/043.png','/asset/images/043.png','oddish','Mystherbe',54,4,1,6),(44,'blue',1,8,'/asset/imagesHQ/044.png','/asset/thumbnails-compressed/044.png','/asset/images/044.png','gloom','Ortide',86,11,1,6),(45,'red',1,12,'/asset/imagesHQ/045.png','/asset/thumbnails-compressed/045.png','/asset/images/045.png','vileplume','Rafflesia',186,11,1,6),(46,'red',1,3,'/asset/imagesHQ/046.png','/asset/thumbnails-compressed/046.png','/asset/images/046.png','paras','Paras',54,6,4,1),(47,'red',1,10,'/asset/imagesHQ/047.png','/asset/thumbnails-compressed/047.png','/asset/images/047.png','parasect','Parasect',295,6,4,1),(48,'purple',1,10,'/asset/imagesHQ/048.png','/asset/thumbnails-compressed/048.png','/asset/images/048.png','venonat','Mimitoss',300,11,4,6),(49,'purple',1,15,'/asset/imagesHQ/049.png','/asset/thumbnails-compressed/049.png','/asset/images/049.png','venomoth','Aéromite',125,7,4,6),(50,'brown',1,2,'/asset/imagesHQ/050.png','/asset/thumbnails-compressed/050.png','/asset/images/050.png','diglett','Taupiqueur',8,10,8,NULL),(51,'brown',1,7,'/asset/imagesHQ/051.png','/asset/thumbnails-compressed/051.png','/asset/images/051.png','dugtrio','Triopikeur',333,8,8,NULL),(52,'yellow',1,4,'/asset/imagesHQ/052.png','/asset/thumbnails-compressed/052.png','/asset/images/052.png','meowth','Miaouss',42,1,5,NULL),(53,'yellow',1,10,'/asset/imagesHQ/053.png','/asset/thumbnails-compressed/053.png','/asset/images/053.png','persian','Persian',320,1,5,NULL),(54,'yellow',1,8,'/asset/imagesHQ/054.png','/asset/thumbnails-compressed/054.png','/asset/images/054.png','psyduck','Psykokwak',196,2,3,NULL),(55,'blue',1,17,'/asset/imagesHQ/055.png','/asset/thumbnails-compressed/055.png','/asset/images/055.png','golduck','Akwakwak',766,2,3,NULL),(56,'brown',1,5,'/asset/imagesHQ/056.png','/asset/thumbnails-compressed/056.png','/asset/images/056.png','mankey','Férosinge',280,2,10,NULL),(57,'brown',1,10,'/asset/imagesHQ/057.png','/asset/thumbnails-compressed/057.png','/asset/images/057.png','primeape','Colossinge',320,2,10,NULL),(58,'brown',1,7,'/asset/imagesHQ/058.png','/asset/thumbnails-compressed/058.png','/asset/images/058.png','growlithe','Caninos',190,1,2,NULL),(59,'brown',1,19,'/asset/imagesHQ/059.png','/asset/thumbnails-compressed/059.png','/asset/images/059.png','arcanine','Arcanin',1550,1,2,NULL),(60,'blue',1,6,'/asset/imagesHQ/060.png','/asset/thumbnails-compressed/060.png','/asset/images/060.png','poliwag','Ptitard',124,4,3,NULL),(61,'blue',1,10,'/asset/imagesHQ/061.png','/asset/thumbnails-compressed/061.png','/asset/images/061.png','poliwhirl','Têtarte',200,11,3,NULL),(62,'blue',1,13,'/asset/imagesHQ/062.png','/asset/thumbnails-compressed/062.png','/asset/images/062.png','poliwrath','Tartard',540,11,3,10),(63,'brown',1,9,'/asset/imagesHQ/063.png','/asset/thumbnails-compressed/063.png','/asset/images/063.png','abra','Abra',195,2,11,NULL),(64,'brown',1,13,'/asset/imagesHQ/064.png','/asset/thumbnails-compressed/064.png','/asset/images/064.png','kadabra','Kadabra',565,2,11,NULL),(65,'brown',1,15,'/asset/imagesHQ/065.png','/asset/thumbnails-compressed/065.png','/asset/images/065.png','alakazam','Alakazam',480,11,11,NULL),(66,'gray',1,8,'/asset/imagesHQ/066.png','/asset/thumbnails-compressed/066.png','/asset/images/066.png','machop','Machoc',195,2,10,NULL),(67,'gray',1,15,'/asset/imagesHQ/067.png','/asset/thumbnails-compressed/067.png','/asset/images/067.png','machoke','Machopeur',705,11,10,NULL),(68,'gray',1,16,'/asset/imagesHQ/068.png','/asset/thumbnails-compressed/068.png','/asset/images/068.png','machamp','Mackogneur',1300,11,10,NULL),(69,'green',1,7,'/asset/imagesHQ/069.png','/asset/thumbnails-compressed/069.png','/asset/images/069.png','bellsprout','Chétiflor',40,11,1,6),(70,'green',1,10,'/asset/imagesHQ/070.png','/asset/thumbnails-compressed/070.png','/asset/images/070.png','weepinbell','Boustiflor',64,10,1,6),(71,'green',1,17,'/asset/imagesHQ/071.png','/asset/thumbnails-compressed/071.png','/asset/images/071.png','victreebel','Empiflor',155,10,1,6),(72,'blue',1,9,'/asset/imagesHQ/072.png','/asset/thumbnails-compressed/072.png','/asset/images/072.png','tentacool','Tentacool',455,9,3,6),(73,'blue',1,16,'/asset/imagesHQ/073.png','/asset/thumbnails-compressed/073.png','/asset/images/073.png','tentacruel','Tentacruel',550,9,3,6),(74,'brown',1,4,'/asset/imagesHQ/074.png','/asset/thumbnails-compressed/074.png','/asset/images/074.png','geodude','Racaillou',200,14,12,8),(75,'brown',1,10,'/asset/imagesHQ/075.png','/asset/thumbnails-compressed/075.png','/asset/images/075.png','graveler','Gravalanch',1050,11,12,8),(76,'brown',1,14,'/asset/imagesHQ/076.png','/asset/thumbnails-compressed/076.png','/asset/images/076.png','golem','Grolem',3000,11,12,8),(77,'yellow',1,10,'/asset/imagesHQ/077.png','/asset/thumbnails-compressed/077.png','/asset/images/077.png','ponyta','Ponyta',300,1,2,NULL),(78,'yellow',1,17,'/asset/imagesHQ/078.png','/asset/thumbnails-compressed/078.png','/asset/images/078.png','rapidash','Galopa',950,1,2,NULL),(79,'pink',1,12,'/asset/imagesHQ/079.png','/asset/thumbnails-compressed/079.png','/asset/images/079.png','slowpoke','Ramoloss',360,1,3,11),(80,'pink',1,16,'/asset/imagesHQ/080.png','/asset/thumbnails-compressed/080.png','/asset/images/080.png','slowbro','Flagadoss',785,2,3,11),(81,'gray',1,3,'/asset/imagesHQ/081.png','/asset/thumbnails-compressed/081.png','/asset/images/081.png','magnemite','Magnéti',60,14,7,17),(82,'gray',1,10,'/asset/imagesHQ/082.png','/asset/thumbnails-compressed/082.png','/asset/images/082.png','magneton','Magnéton',600,8,7,17),(83,'brown',1,8,'/asset/imagesHQ/083.png','/asset/thumbnails-compressed/083.png','/asset/images/083.png','farfetchd','Canarticho',150,12,5,18),(84,'brown',1,14,'/asset/imagesHQ/084.png','/asset/thumbnails-compressed/084.png','/asset/images/084.png','doduo','Doduo',392,4,5,18),(85,'brown',1,18,'/asset/imagesHQ/085.png','/asset/thumbnails-compressed/085.png','/asset/images/085.png','dodrio','Dodrio',852,4,5,18),(86,'white',1,11,'/asset/imagesHQ/086.png','/asset/thumbnails-compressed/086.png','/asset/images/086.png','seel','Otaria',900,5,3,NULL),(87,'white',1,17,'/asset/imagesHQ/087.png','/asset/thumbnails-compressed/087.png','/asset/images/087.png','dewgong','Lamantine',1200,5,3,14),(88,'purple',1,9,'/asset/imagesHQ/088.png','/asset/thumbnails-compressed/088.png','/asset/images/088.png','grimer','Tadmorv',300,14,6,NULL),(89,'purple',1,12,'/asset/imagesHQ/089.png','/asset/thumbnails-compressed/089.png','/asset/images/089.png','muk','Grotadmorv',300,14,6,NULL),(90,'purple',1,3,'/asset/imagesHQ/090.png','/asset/thumbnails-compressed/090.png','/asset/images/090.png','shellder','Kokiyas',40,3,3,NULL),(91,'purple',1,15,'/asset/imagesHQ/091.png','/asset/thumbnails-compressed/091.png','/asset/images/091.png','cloyster','Crustabri',1325,3,3,14),(92,'purple',1,13,'/asset/imagesHQ/092.png','/asset/thumbnails-compressed/092.png','/asset/images/092.png','gastly','Fantominus',1,3,13,6),(93,'purple',1,16,'/asset/imagesHQ/093.png','/asset/thumbnails-compressed/093.png','/asset/images/093.png','haunter','Spectrum',1,14,13,6),(94,'purple',1,15,'/asset/imagesHQ/094.png','/asset/thumbnails-compressed/094.png','/asset/images/094.png','gengar','Ectoplasma',405,2,13,6),(95,'gray',1,88,'/asset/imagesHQ/095.png','/asset/thumbnails-compressed/095.png','/asset/images/095.png','onix','Onix',2100,13,12,8),(96,'yellow',1,10,'/asset/imagesHQ/096.png','/asset/thumbnails-compressed/096.png','/asset/images/096.png','drowzee','Soporifik',324,11,11,NULL),(97,'yellow',1,16,'/asset/imagesHQ/097.png','/asset/thumbnails-compressed/097.png','/asset/images/097.png','hypno','Hypnomade',756,11,11,NULL),(98,'red',1,4,'/asset/imagesHQ/098.png','/asset/thumbnails-compressed/098.png','/asset/images/098.png','krabby','Krabby',65,6,3,NULL),(99,'red',1,13,'/asset/imagesHQ/099.png','/asset/thumbnails-compressed/099.png','/asset/images/099.png','kingler','Krabboss',600,6,3,NULL),(100,'red',1,5,'/asset/imagesHQ/100.png','/asset/thumbnails-compressed/100.png','/asset/images/100.png','voltorb','Voltorbe',104,3,7,NULL),(101,'red',1,12,'/asset/imagesHQ/101.png','/asset/thumbnails-compressed/101.png','/asset/images/101.png','electrode','Électrode',666,3,7,NULL),(102,'pink',1,4,'/asset/imagesHQ/102.png','/asset/thumbnails-compressed/102.png','/asset/images/102.png','exeggcute','Noeunoeuf',25,8,1,11),(103,'yellow',1,20,'/asset/imagesHQ/103.png','/asset/thumbnails-compressed/103.png','/asset/images/103.png','exeggutor','Noadkoko',1200,4,1,11),(104,'brown',1,4,'/asset/imagesHQ/104.png','/asset/thumbnails-compressed/104.png','/asset/images/104.png','cubone','Osselait',65,2,8,NULL),(105,'brown',1,10,'/asset/imagesHQ/105.png','/asset/thumbnails-compressed/105.png','/asset/images/105.png','marowak','Ossatueur',450,2,8,NULL),(106,'brown',1,15,'/asset/imagesHQ/106.png','/asset/thumbnails-compressed/106.png','/asset/images/106.png','hitmonlee','Kicklee',498,11,10,NULL),(107,'brown',1,14,'/asset/imagesHQ/107.png','/asset/thumbnails-compressed/107.png','/asset/images/107.png','hitmonchan','Tygnon',502,11,10,NULL),(108,'pink',1,12,'/asset/imagesHQ/108.png','/asset/thumbnails-compressed/108.png','/asset/images/108.png','lickitung','Excelangue',655,2,5,NULL),(109,'purple',1,6,'/asset/imagesHQ/109.png','/asset/thumbnails-compressed/109.png','/asset/images/109.png','koffing','Smogo',10,3,6,NULL),(110,'purple',1,12,'/asset/imagesHQ/110.png','/asset/thumbnails-compressed/110.png','/asset/images/110.png','weezing','Smogogo',95,8,6,NULL),(111,'gray',1,10,'/asset/imagesHQ/111.png','/asset/thumbnails-compressed/111.png','/asset/images/111.png','rhyhorn','Rhinocorne',1150,1,8,12),(112,'gray',1,19,'/asset/imagesHQ/112.png','/asset/thumbnails-compressed/112.png','/asset/images/112.png','rhydon','Rhinoféros',1200,2,8,12),(113,'pink',1,11,'/asset/imagesHQ/113.png','/asset/thumbnails-compressed/113.png','/asset/images/113.png','chansey','Leveinard',346,2,5,NULL),(114,'blue',1,10,'/asset/imagesHQ/114.png','/asset/thumbnails-compressed/114.png','/asset/images/114.png','tangela','Saquedeneu',350,4,1,NULL),(115,'brown',1,22,'/asset/imagesHQ/115.png','/asset/thumbnails-compressed/115.png','/asset/images/115.png','kangaskhan','Kangourex',800,2,5,NULL),(116,'blue',1,4,'/asset/imagesHQ/116.png','/asset/thumbnails-compressed/116.png','/asset/images/116.png','horsea','Hypotrempe',80,10,3,NULL),(117,'blue',1,12,'/asset/imagesHQ/117.png','/asset/thumbnails-compressed/117.png','/asset/images/117.png','seadra','Hypocéan',250,10,3,NULL),(118,'red',1,6,'/asset/imagesHQ/118.png','/asset/thumbnails-compressed/118.png','/asset/images/118.png','goldeen','Poissirène',150,5,3,NULL),(119,'red',1,13,'/asset/imagesHQ/119.png','/asset/thumbnails-compressed/119.png','/asset/images/119.png','seaking','Poissoroy',390,5,3,NULL),(120,'brown',1,8,'/asset/imagesHQ/120.png','/asset/thumbnails-compressed/120.png','/asset/images/120.png','staryu','Stari',345,10,3,NULL),(121,'purple',1,11,'/asset/imagesHQ/121.png','/asset/thumbnails-compressed/121.png','/asset/images/121.png','starmie','Staross',800,10,3,11),(122,'pink',1,13,'/asset/imagesHQ/122.png','/asset/thumbnails-compressed/122.png','/asset/images/122.png','mr-mime','M. Mime',545,11,11,9),(123,'green',1,15,'/asset/imagesHQ/123.png','/asset/thumbnails-compressed/123.png','/asset/images/123.png','scyther','Insécateur',560,7,4,18),(124,'red',1,14,'/asset/imagesHQ/124.png','/asset/thumbnails-compressed/124.png','/asset/images/124.png','jynx','Lippoutou',406,11,14,11),(125,'yellow',1,11,'/asset/imagesHQ/125.png','/asset/thumbnails-compressed/125.png','/asset/images/125.png','electabuzz','Élektek',300,2,7,NULL),(126,'red',1,13,'/asset/imagesHQ/126.png','/asset/thumbnails-compressed/126.png','/asset/images/126.png','magmar','Magmar',445,2,2,NULL),(127,'brown',1,15,'/asset/imagesHQ/127.png','/asset/thumbnails-compressed/127.png','/asset/images/127.png','pinsir','Scarabrute',550,11,4,NULL),(128,'brown',1,14,'/asset/imagesHQ/128.png','/asset/thumbnails-compressed/128.png','/asset/images/128.png','tauros','Tauros',884,1,5,NULL),(129,'red',1,9,'/asset/imagesHQ/129.png','/asset/thumbnails-compressed/129.png','/asset/images/129.png','magikarp','Magicarpe',100,5,3,NULL),(130,'blue',1,65,'/asset/imagesHQ/130.png','/asset/thumbnails-compressed/130.png','/asset/images/130.png','gyarados','Léviator',2350,13,3,18),(131,'blue',1,25,'/asset/imagesHQ/131.png','/asset/thumbnails-compressed/131.png','/asset/images/131.png','lapras','Lokhlass',2200,5,3,14),(132,'purple',1,3,'/asset/imagesHQ/132.png','/asset/thumbnails-compressed/132.png','/asset/images/132.png','ditto','Métamorph',40,3,5,NULL),(133,'brown',1,3,'/asset/imagesHQ/133.png','/asset/thumbnails-compressed/133.png','/asset/images/133.png','eevee','Évoli',65,1,5,NULL),(134,'blue',1,10,'/asset/imagesHQ/134.png','/asset/thumbnails-compressed/134.png','/asset/images/134.png','vaporeon','Aquali',290,1,3,NULL),(135,'yellow',1,8,'/asset/imagesHQ/135.png','/asset/thumbnails-compressed/135.png','/asset/images/135.png','jolteon','Voltali',245,1,7,NULL),(136,'red',1,9,'/asset/imagesHQ/136.png','/asset/thumbnails-compressed/136.png','/asset/images/136.png','flareon','Pyroli',250,1,2,NULL),(137,'pink',1,8,'/asset/imagesHQ/137.png','/asset/thumbnails-compressed/137.png','/asset/images/137.png','porygon','Porygon',365,4,5,NULL),(138,'blue',1,4,'/asset/imagesHQ/138.png','/asset/thumbnails-compressed/138.png','/asset/images/138.png','omanyte','Amonita',75,9,12,3),(139,'blue',1,10,'/asset/imagesHQ/139.png','/asset/thumbnails-compressed/139.png','/asset/images/139.png','omastar','Amonistar',350,9,12,3),(140,'brown',1,5,'/asset/imagesHQ/140.png','/asset/thumbnails-compressed/140.png','/asset/images/140.png','kabuto','Kabuto',115,6,12,3),(141,'brown',1,13,'/asset/imagesHQ/141.png','/asset/thumbnails-compressed/141.png','/asset/images/141.png','kabutops','Kabutops',405,2,12,3),(142,'purple',1,18,'/asset/imagesHQ/142.png','/asset/thumbnails-compressed/142.png','/asset/images/142.png','aerodactyl','Ptéra',590,12,12,18),(143,'black',1,21,'/asset/imagesHQ/143.png','/asset/thumbnails-compressed/143.png','/asset/images/143.png','snorlax','Ronflex',4600,11,5,NULL),(144,'blue',1,17,'/asset/imagesHQ/144.png','/asset/thumbnails-compressed/144.png','/asset/images/144.png','articuno','Artikodin',554,12,14,18),(145,'yellow',1,16,'/asset/imagesHQ/145.png','/asset/thumbnails-compressed/145.png','/asset/images/145.png','zapdos','Électhor',526,12,7,18),(146,'yellow',1,20,'/asset/imagesHQ/146.png','/asset/thumbnails-compressed/146.png','/asset/images/146.png','moltres','Sulfura',600,12,2,18),(147,'blue',1,18,'/asset/imagesHQ/147.png','/asset/thumbnails-compressed/147.png','/asset/images/147.png','dratini','Minidraco',33,13,15,NULL),(148,'blue',1,40,'/asset/imagesHQ/148.png','/asset/thumbnails-compressed/148.png','/asset/images/148.png','dragonair','Draco',165,13,15,NULL),(149,'brown',1,22,'/asset/imagesHQ/149.png','/asset/thumbnails-compressed/149.png','/asset/images/149.png','dragonite','Dracolosse',2100,2,15,18),(150,'purple',1,20,'/asset/imagesHQ/150.png','/asset/thumbnails-compressed/150.png','/asset/images/150.png','mewtwo','Mewtwo',1220,2,11,NULL),(151,'pink',1,4,'/asset/imagesHQ/151.png','/asset/thumbnails-compressed/151.png','/asset/images/151.png','mew','Mew',40,2,11,NULL),(152,'green',2,9,'/asset/imagesHQ/152.png','/asset/thumbnails-compressed/152.png','/asset/images/152.png','chikorita','Germignon',64,1,1,NULL),(153,'green',2,12,'/asset/imagesHQ/153.png','/asset/thumbnails-compressed/153.png','/asset/images/153.png','bayleef','Macronium',158,1,1,NULL),(154,'green',2,18,'/asset/imagesHQ/154.png','/asset/thumbnails-compressed/154.png','/asset/images/154.png','meganium','Méganium',1005,1,1,NULL),(155,'yellow',2,5,'/asset/imagesHQ/155.png','/asset/thumbnails-compressed/155.png','/asset/images/155.png','cyndaquil','Héricendre',79,11,2,NULL),(156,'yellow',2,9,'/asset/imagesHQ/156.png','/asset/thumbnails-compressed/156.png','/asset/images/156.png','quilava','Feurisson',190,1,2,NULL),(157,'yellow',2,17,'/asset/imagesHQ/157.png','/asset/thumbnails-compressed/157.png','/asset/images/157.png','typhlosion','Typhlosion',795,1,2,NULL),(158,'blue',2,6,'/asset/imagesHQ/158.png','/asset/thumbnails-compressed/158.png','/asset/images/158.png','totodile','Kaiminus',95,2,3,NULL),(159,'blue',2,11,'/asset/imagesHQ/159.png','/asset/thumbnails-compressed/159.png','/asset/images/159.png','croconaw','Crocrodil',250,2,3,NULL),(160,'blue',2,23,'/asset/imagesHQ/160.png','/asset/thumbnails-compressed/160.png','/asset/images/160.png','feraligatr','Aligatueur',888,2,3,NULL),(161,'brown',2,8,'/asset/imagesHQ/161.png','/asset/thumbnails-compressed/161.png','/asset/images/161.png','sentret','Fouinette',60,1,5,NULL),(162,'brown',2,18,'/asset/imagesHQ/162.png','/asset/thumbnails-compressed/162.png','/asset/images/162.png','furret','Fouinar',325,1,5,NULL),(163,'brown',2,7,'/asset/imagesHQ/163.png','/asset/thumbnails-compressed/163.png','/asset/images/163.png','hoothoot','Hoothoot',212,12,5,18),(164,'brown',2,16,'/asset/imagesHQ/164.png','/asset/thumbnails-compressed/164.png','/asset/images/164.png','noctowl','Noarfang',408,12,5,18),(165,'red',2,10,'/asset/imagesHQ/165.png','/asset/thumbnails-compressed/165.png','/asset/images/165.png','ledyba','Coxy',108,12,4,18),(166,'red',2,14,'/asset/imagesHQ/166.png','/asset/thumbnails-compressed/166.png','/asset/images/166.png','ledian','Coxyclaque',356,12,4,18),(167,'green',2,5,'/asset/imagesHQ/167.png','/asset/thumbnails-compressed/167.png','/asset/images/167.png','spinarak','Mimigal',85,6,4,6),(168,'red',2,11,'/asset/imagesHQ/168.png','/asset/thumbnails-compressed/168.png','/asset/images/168.png','ariados','Migalos',335,6,4,6),(169,'purple',2,18,'/asset/imagesHQ/169.png','/asset/thumbnails-compressed/169.png','/asset/images/169.png','crobat','Nostenfer',750,7,6,18),(170,'blue',2,5,'/asset/imagesHQ/170.png','/asset/thumbnails-compressed/170.png','/asset/images/170.png','chinchou','Loupio',120,5,3,7),(171,'blue',2,12,'/asset/imagesHQ/171.png','/asset/thumbnails-compressed/171.png','/asset/images/171.png','lanturn','Lanturn',225,5,3,7),(172,'yellow',2,3,'/asset/imagesHQ/172.png','/asset/thumbnails-compressed/172.png','/asset/images/172.png','pichu','Pichu',20,1,7,NULL),(173,'pink',2,3,'/asset/imagesHQ/173.png','/asset/thumbnails-compressed/173.png','/asset/images/173.png','cleffa','Mélo',30,2,9,NULL),(174,'pink',2,3,'/asset/imagesHQ/174.png','/asset/thumbnails-compressed/174.png','/asset/images/174.png','igglybuff','Toudoudou',10,11,5,9),(175,'white',2,3,'/asset/imagesHQ/175.png','/asset/thumbnails-compressed/175.png','/asset/images/175.png','togepi','Togepi',15,11,9,NULL),(176,'white',2,6,'/asset/imagesHQ/176.png','/asset/thumbnails-compressed/176.png','/asset/images/176.png','togetic','Togetic',32,11,9,18),(177,'green',2,2,'/asset/imagesHQ/177.png','/asset/thumbnails-compressed/177.png','/asset/images/177.png','natu','Natu',20,12,11,18),(178,'green',2,15,'/asset/imagesHQ/178.png','/asset/thumbnails-compressed/178.png','/asset/images/178.png','xatu','Xatu',150,12,11,18),(179,'white',2,6,'/asset/imagesHQ/179.png','/asset/thumbnails-compressed/179.png','/asset/images/179.png','mareep','Wattouat',78,1,7,NULL),(180,'pink',2,8,'/asset/imagesHQ/180.png','/asset/thumbnails-compressed/180.png','/asset/images/180.png','flaaffy','Lainergie',133,2,7,NULL),(181,'yellow',2,14,'/asset/imagesHQ/181.png','/asset/thumbnails-compressed/181.png','/asset/images/181.png','ampharos','Pharamp',615,2,7,NULL),(182,'green',2,4,'/asset/imagesHQ/182.png','/asset/thumbnails-compressed/182.png','/asset/images/182.png','bellossom','Joliflor',58,11,1,NULL),(183,'blue',2,4,'/asset/imagesHQ/183.png','/asset/thumbnails-compressed/183.png','/asset/images/183.png','marill','Marill',85,2,3,9),(184,'blue',2,8,'/asset/imagesHQ/184.png','/asset/thumbnails-compressed/184.png','/asset/images/184.png','azumarill','Azumarill',285,2,3,9),(185,'brown',2,12,'/asset/imagesHQ/185.png','/asset/thumbnails-compressed/185.png','/asset/images/185.png','sudowoodo','Simularbre',380,11,12,NULL),(186,'green',2,11,'/asset/imagesHQ/186.png','/asset/thumbnails-compressed/186.png','/asset/images/186.png','politoed','Tarpaud',339,11,3,NULL),(187,'pink',2,4,'/asset/imagesHQ/187.png','/asset/thumbnails-compressed/187.png','/asset/images/187.png','hoppip','Granivol',5,2,1,18),(188,'green',2,6,'/asset/imagesHQ/188.png','/asset/thumbnails-compressed/188.png','/asset/images/188.png','skiploom','Floravol',10,2,1,18),(189,'blue',2,8,'/asset/imagesHQ/189.png','/asset/thumbnails-compressed/189.png','/asset/images/189.png','jumpluff','Cotovol',30,2,1,18),(190,'purple',2,8,'/asset/imagesHQ/190.png','/asset/thumbnails-compressed/190.png','/asset/images/190.png','aipom','Capumain',115,2,5,NULL),(191,'yellow',2,3,'/asset/imagesHQ/191.png','/asset/thumbnails-compressed/191.png','/asset/images/191.png','sunkern','Tournegrin',18,3,1,NULL),(192,'yellow',2,8,'/asset/imagesHQ/192.png','/asset/thumbnails-compressed/192.png','/asset/images/192.png','sunflora','Héliatronc',85,11,1,NULL),(193,'red',2,12,'/asset/imagesHQ/193.png','/asset/thumbnails-compressed/193.png','/asset/images/193.png','yanma','Yanma',380,7,4,18),(194,'blue',2,4,'/asset/imagesHQ/194.png','/asset/thumbnails-compressed/194.png','/asset/images/194.png','wooper','Axoloto',85,4,3,8),(195,'blue',2,14,'/asset/imagesHQ/195.png','/asset/thumbnails-compressed/195.png','/asset/images/195.png','quagsire','Maraiste',750,2,3,8),(196,'purple',2,9,'/asset/imagesHQ/196.png','/asset/thumbnails-compressed/196.png','/asset/images/196.png','espeon','Mentali',265,1,11,NULL),(197,'black',2,10,'/asset/imagesHQ/197.png','/asset/thumbnails-compressed/197.png','/asset/images/197.png','umbreon','Noctali',270,1,16,NULL),(198,'black',2,5,'/asset/imagesHQ/198.png','/asset/thumbnails-compressed/198.png','/asset/images/198.png','murkrow','Cornèbre',21,12,16,18),(199,'pink',2,20,'/asset/imagesHQ/199.png','/asset/thumbnails-compressed/199.png','/asset/images/199.png','slowking','Roigada',795,2,3,11),(200,'gray',2,7,'/asset/imagesHQ/200.png','/asset/thumbnails-compressed/200.png','/asset/images/200.png','misdreavus','Feuforêve',10,3,13,NULL),(201,'black',2,5,'/asset/imagesHQ/201.png','/asset/thumbnails-compressed/201.png','/asset/images/201.png','unown','Zarbi',50,3,11,NULL),(202,'blue',2,13,'/asset/imagesHQ/202.png','/asset/thumbnails-compressed/202.png','/asset/images/202.png','wobbuffet','Qulbutoké',285,10,11,NULL),(203,'yellow',2,15,'/asset/imagesHQ/203.png','/asset/thumbnails-compressed/203.png','/asset/images/203.png','girafarig','Girafarig',415,1,5,11),(204,'gray',2,6,'/asset/imagesHQ/204.png','/asset/thumbnails-compressed/204.png','/asset/images/204.png','pineco','Pomdepik',72,3,4,NULL),(205,'purple',2,12,'/asset/imagesHQ/205.png','/asset/thumbnails-compressed/205.png','/asset/images/205.png','forretress','Foretress',1258,3,4,17),(206,'yellow',2,15,'/asset/imagesHQ/206.png','/asset/thumbnails-compressed/206.png','/asset/images/206.png','dunsparce','Insolourdo',140,13,5,NULL),(207,'purple',2,11,'/asset/imagesHQ/207.png','/asset/thumbnails-compressed/207.png','/asset/images/207.png','gligar','Scorplane',648,12,8,18),(208,'gray',2,92,'/asset/imagesHQ/208.png','/asset/thumbnails-compressed/208.png','/asset/images/208.png','steelix','Steelix',4000,13,17,8),(209,'pink',2,6,'/asset/imagesHQ/209.png','/asset/thumbnails-compressed/209.png','/asset/images/209.png','snubbull','Snubbull',78,11,9,NULL),(210,'purple',2,14,'/asset/imagesHQ/210.png','/asset/thumbnails-compressed/210.png','/asset/images/210.png','granbull','Granbull',487,2,9,NULL),(211,'gray',2,5,'/asset/imagesHQ/211.png','/asset/thumbnails-compressed/211.png','/asset/images/211.png','qwilfish','Qwilfish',39,5,3,6),(212,'red',2,18,'/asset/imagesHQ/212.png','/asset/thumbnails-compressed/212.png','/asset/images/212.png','scizor','Cizayox',1180,7,4,17),(213,'yellow',2,6,'/asset/imagesHQ/213.png','/asset/thumbnails-compressed/213.png','/asset/images/213.png','shuckle','Caratroc',205,6,4,12),(214,'blue',2,15,'/asset/imagesHQ/214.png','/asset/thumbnails-compressed/214.png','/asset/images/214.png','heracross','Scarhino',540,11,4,10),(215,'black',2,9,'/asset/imagesHQ/215.png','/asset/thumbnails-compressed/215.png','/asset/images/215.png','sneasel','Farfuret',280,2,16,14),(216,'brown',2,6,'/asset/imagesHQ/216.png','/asset/thumbnails-compressed/216.png','/asset/images/216.png','teddiursa','Teddiursa',88,2,5,NULL),(217,'brown',2,18,'/asset/imagesHQ/217.png','/asset/thumbnails-compressed/217.png','/asset/images/217.png','ursaring','Ursaring',1258,2,5,NULL),(218,'red',2,7,'/asset/imagesHQ/218.png','/asset/thumbnails-compressed/218.png','/asset/images/218.png','slugma','Limagma',350,13,2,NULL),(219,'red',2,8,'/asset/imagesHQ/219.png','/asset/thumbnails-compressed/219.png','/asset/images/219.png','magcargo','Volcaropod',550,13,2,12),(220,'brown',2,4,'/asset/imagesHQ/220.png','/asset/thumbnails-compressed/220.png','/asset/images/220.png','swinub','Marcacrin',65,1,14,8),(221,'brown',2,11,'/asset/imagesHQ/221.png','/asset/thumbnails-compressed/221.png','/asset/images/221.png','piloswine','Cochignon',558,1,14,8),(222,'pink',2,6,'/asset/imagesHQ/222.png','/asset/thumbnails-compressed/222.png','/asset/images/222.png','corsola','Corayon',50,6,3,12),(223,'gray',2,6,'/asset/imagesHQ/223.png','/asset/thumbnails-compressed/223.png','/asset/images/223.png','remoraid','Rémoraid',120,5,3,NULL),(224,'red',2,9,'/asset/imagesHQ/224.png','/asset/thumbnails-compressed/224.png','/asset/images/224.png','octillery','Octillery',285,9,3,NULL),(225,'red',2,9,'/asset/imagesHQ/225.png','/asset/thumbnails-compressed/225.png','/asset/images/225.png','delibird','Cadoizo',160,12,14,18),(226,'purple',2,21,'/asset/imagesHQ/226.png','/asset/thumbnails-compressed/226.png','/asset/images/226.png','mantine','Démanta',2200,12,3,18),(227,'gray',2,17,'/asset/imagesHQ/227.png','/asset/thumbnails-compressed/227.png','/asset/images/227.png','skarmory','Airmure',505,12,17,18),(228,'black',2,6,'/asset/imagesHQ/228.png','/asset/thumbnails-compressed/228.png','/asset/images/228.png','houndour','Malosse',108,1,16,2),(229,'black',2,14,'/asset/imagesHQ/229.png','/asset/thumbnails-compressed/229.png','/asset/images/229.png','houndoom','Démolosse',350,1,16,2),(230,'blue',2,18,'/asset/imagesHQ/230.png','/asset/thumbnails-compressed/230.png','/asset/images/230.png','kingdra','Hyporoi',1520,10,3,15),(231,'blue',2,5,'/asset/imagesHQ/231.png','/asset/thumbnails-compressed/231.png','/asset/images/231.png','phanpy','Phanpy',335,1,8,NULL),(232,'gray',2,11,'/asset/imagesHQ/232.png','/asset/thumbnails-compressed/232.png','/asset/images/232.png','donphan','Donphan',1200,1,8,NULL),(233,'red',2,6,'/asset/imagesHQ/233.png','/asset/thumbnails-compressed/233.png','/asset/images/233.png','porygon2','Porygon2',325,4,5,NULL),(234,'brown',2,14,'/asset/imagesHQ/234.png','/asset/thumbnails-compressed/234.png','/asset/images/234.png','stantler','Cerfrousse',712,1,5,NULL),(235,'white',2,12,'/asset/imagesHQ/235.png','/asset/thumbnails-compressed/235.png','/asset/images/235.png','smeargle','Queulorior',580,2,5,NULL),(236,'purple',2,7,'/asset/imagesHQ/236.png','/asset/thumbnails-compressed/236.png','/asset/images/236.png','tyrogue','Debugant',210,11,10,NULL),(237,'brown',2,14,'/asset/imagesHQ/237.png','/asset/thumbnails-compressed/237.png','/asset/images/237.png','hitmontop','Kapoera',480,2,10,NULL),(238,'pink',2,4,'/asset/imagesHQ/238.png','/asset/thumbnails-compressed/238.png','/asset/images/238.png','smoochum','Lippouti',60,11,14,11),(239,'yellow',2,6,'/asset/imagesHQ/239.png','/asset/thumbnails-compressed/239.png','/asset/images/239.png','elekid','Élekid',235,11,7,NULL),(240,'red',2,7,'/asset/imagesHQ/240.png','/asset/thumbnails-compressed/240.png','/asset/images/240.png','magby','Magby',214,2,2,NULL),(241,'pink',2,12,'/asset/imagesHQ/241.png','/asset/thumbnails-compressed/241.png','/asset/images/241.png','miltank','Écrémeuh',755,2,5,NULL),(242,'pink',2,15,'/asset/imagesHQ/242.png','/asset/thumbnails-compressed/242.png','/asset/images/242.png','blissey','Leuphorie',468,11,5,NULL),(243,'yellow',2,19,'/asset/imagesHQ/243.png','/asset/thumbnails-compressed/243.png','/asset/images/243.png','raikou','Raikou',1780,1,7,NULL),(244,'brown',2,21,'/asset/imagesHQ/244.png','/asset/thumbnails-compressed/244.png','/asset/images/244.png','entei','Entei',1980,1,2,NULL),(245,'blue',2,20,'/asset/imagesHQ/245.png','/asset/thumbnails-compressed/245.png','/asset/images/245.png','suicune','Suicune',1870,1,3,NULL),(246,'green',2,6,'/asset/imagesHQ/246.png','/asset/thumbnails-compressed/246.png','/asset/images/246.png','larvitar','Embrylex',720,2,12,8),(247,'gray',2,12,'/asset/imagesHQ/247.png','/asset/thumbnails-compressed/247.png','/asset/images/247.png','pupitar','Ymphect',1520,13,12,8),(248,'green',2,20,'/asset/imagesHQ/248.png','/asset/thumbnails-compressed/248.png','/asset/images/248.png','tyranitar','Tyranocif',2020,2,12,16),(249,'white',2,52,'/asset/imagesHQ/249.png','/asset/thumbnails-compressed/249.png','/asset/images/249.png','lugia','Lugia',2160,12,11,18),(250,'red',2,38,'/asset/imagesHQ/250.png','/asset/thumbnails-compressed/250.png','/asset/images/250.png','ho-oh','Ho-Oh',1990,12,2,18),(251,'green',2,6,'/asset/imagesHQ/251.png','/asset/thumbnails-compressed/251.png','/asset/images/251.png','celebi','Celebi',50,11,11,1),(252,'green',3,5,'/asset/imagesHQ/252.png','/asset/thumbnails-compressed/252.png','/asset/images/252.png','treecko','Arcko',50,2,1,NULL),(253,'green',3,9,'/asset/imagesHQ/253.png','/asset/thumbnails-compressed/253.png','/asset/images/253.png','grovyle','Massko',216,2,1,NULL),(254,'green',3,17,'/asset/imagesHQ/254.png','/asset/thumbnails-compressed/254.png','/asset/images/254.png','sceptile','Jungko',522,2,1,NULL),(255,'red',3,4,'/asset/imagesHQ/255.png','/asset/thumbnails-compressed/255.png','/asset/images/255.png','torchic','Poussifeu',25,4,2,NULL),(256,'red',3,9,'/asset/imagesHQ/256.png','/asset/thumbnails-compressed/256.png','/asset/images/256.png','combusken','Galifeu',195,2,2,10),(257,'red',3,19,'/asset/imagesHQ/257.png','/asset/thumbnails-compressed/257.png','/asset/images/257.png','blaziken','Braségali',520,2,2,10),(258,'blue',3,4,'/asset/imagesHQ/258.png','/asset/thumbnails-compressed/258.png','/asset/images/258.png','mudkip','Gobou',76,1,3,NULL),(259,'blue',3,7,'/asset/imagesHQ/259.png','/asset/thumbnails-compressed/259.png','/asset/images/259.png','marshtomp','Flobio',280,2,3,8),(260,'blue',3,15,'/asset/imagesHQ/260.png','/asset/thumbnails-compressed/260.png','/asset/images/260.png','swampert','Laggron',819,2,3,8),(261,'gray',3,5,'/asset/imagesHQ/261.png','/asset/thumbnails-compressed/261.png','/asset/images/261.png','poochyena','Medhyèna',136,1,16,NULL),(262,'gray',3,10,'/asset/imagesHQ/262.png','/asset/thumbnails-compressed/262.png','/asset/images/262.png','mightyena','Grahyèna',370,1,16,NULL),(263,'brown',3,4,'/asset/imagesHQ/263.png','/asset/thumbnails-compressed/263.png','/asset/images/263.png','zigzagoon','Zigzaton',175,1,5,NULL),(264,'white',3,5,'/asset/imagesHQ/264.png','/asset/thumbnails-compressed/264.png','/asset/images/264.png','linoone','Linéon',325,1,5,NULL),(265,'red',3,3,'/asset/imagesHQ/265.png','/asset/thumbnails-compressed/265.png','/asset/images/265.png','wurmple','Chenipotte',36,6,4,NULL),(266,'white',3,6,'/asset/imagesHQ/266.png','/asset/thumbnails-compressed/266.png','/asset/images/266.png','silcoon','Armulys',100,3,4,NULL),(267,'yellow',3,10,'/asset/imagesHQ/267.png','/asset/thumbnails-compressed/267.png','/asset/images/267.png','beautifly','Charmillon',284,7,4,18),(268,'purple',3,7,'/asset/imagesHQ/268.png','/asset/thumbnails-compressed/268.png','/asset/images/268.png','cascoon','Blindalys',115,3,4,NULL),(269,'green',3,12,'/asset/imagesHQ/269.png','/asset/thumbnails-compressed/269.png','/asset/images/269.png','dustox','Papinox',316,7,4,6),(270,'green',3,5,'/asset/imagesHQ/270.png','/asset/thumbnails-compressed/270.png','/asset/images/270.png','lotad','Nénupiot',26,6,3,1),(271,'green',3,12,'/asset/imagesHQ/271.png','/asset/thumbnails-compressed/271.png','/asset/images/271.png','lombre','Lombre',325,11,3,1),(272,'green',3,15,'/asset/imagesHQ/272.png','/asset/thumbnails-compressed/272.png','/asset/images/272.png','ludicolo','Ludicolo',550,11,3,1),(273,'brown',3,5,'/asset/imagesHQ/273.png','/asset/thumbnails-compressed/273.png','/asset/images/273.png','seedot','Grainipiot',40,4,1,NULL),(274,'brown',3,10,'/asset/imagesHQ/274.png','/asset/thumbnails-compressed/274.png','/asset/images/274.png','nuzleaf','Pifeuil',280,11,1,16),(275,'brown',3,13,'/asset/imagesHQ/275.png','/asset/thumbnails-compressed/275.png','/asset/images/275.png','shiftry','Tengalice',596,11,1,16),(276,'blue',3,3,'/asset/imagesHQ/276.png','/asset/thumbnails-compressed/276.png','/asset/images/276.png','taillow','Nirondelle',23,12,5,18),(277,'blue',3,7,'/asset/imagesHQ/277.png','/asset/thumbnails-compressed/277.png','/asset/images/277.png','swellow','Hélédelle',198,12,5,18),(278,'white',3,6,'/asset/imagesHQ/278.png','/asset/thumbnails-compressed/278.png','/asset/images/278.png','wingull','Goélise',95,12,3,18),(279,'yellow',3,12,'/asset/imagesHQ/279.png','/asset/thumbnails-compressed/279.png','/asset/images/279.png','pelipper','Bekipan',280,12,3,18),(280,'white',3,4,'/asset/imagesHQ/280.png','/asset/thumbnails-compressed/280.png','/asset/images/280.png','ralts','Tarsal',66,11,11,9),(281,'white',3,8,'/asset/imagesHQ/281.png','/asset/thumbnails-compressed/281.png','/asset/images/281.png','kirlia','Kirlia',202,11,11,9),(282,'white',3,16,'/asset/imagesHQ/282.png','/asset/thumbnails-compressed/282.png','/asset/images/282.png','gardevoir','Gardevoir',484,11,11,9),(283,'blue',3,5,'/asset/imagesHQ/283.png','/asset/thumbnails-compressed/283.png','/asset/images/283.png','surskit','Arakdo',17,6,4,3),(284,'blue',3,8,'/asset/imagesHQ/284.png','/asset/thumbnails-compressed/284.png','/asset/images/284.png','masquerain','Maskadra',36,7,4,18),(285,'brown',3,4,'/asset/imagesHQ/285.png','/asset/thumbnails-compressed/285.png','/asset/images/285.png','shroomish','Balignon',45,4,1,NULL),(286,'green',3,12,'/asset/imagesHQ/286.png','/asset/thumbnails-compressed/286.png','/asset/images/286.png','breloom','Chapignon',392,2,1,10),(287,'brown',3,8,'/asset/imagesHQ/287.png','/asset/thumbnails-compressed/287.png','/asset/images/287.png','slakoth','Parecool',240,1,5,NULL),(288,'white',3,14,'/asset/imagesHQ/288.png','/asset/thumbnails-compressed/288.png','/asset/images/288.png','vigoroth','Vigoroth',465,2,5,NULL),(289,'brown',3,20,'/asset/imagesHQ/289.png','/asset/thumbnails-compressed/289.png','/asset/images/289.png','slaking','Monaflèmit',1305,11,5,NULL),(290,'gray',3,5,'/asset/imagesHQ/290.png','/asset/thumbnails-compressed/290.png','/asset/images/290.png','nincada','Ningale',55,6,4,8),(291,'yellow',3,8,'/asset/imagesHQ/291.png','/asset/thumbnails-compressed/291.png','/asset/images/291.png','ninjask','Ninjask',120,7,4,18),(292,'brown',3,8,'/asset/imagesHQ/292.png','/asset/thumbnails-compressed/292.png','/asset/images/292.png','shedinja','Munja',12,10,4,13),(293,'pink',3,6,'/asset/imagesHQ/293.png','/asset/thumbnails-compressed/293.png','/asset/images/293.png','whismur','Chuchmur',163,2,5,NULL),(294,'blue',3,10,'/asset/imagesHQ/294.png','/asset/thumbnails-compressed/294.png','/asset/images/294.png','loudred','Ramboum',405,2,5,NULL),(295,'blue',3,15,'/asset/imagesHQ/295.png','/asset/thumbnails-compressed/295.png','/asset/images/295.png','exploud','Brouhabam',840,2,5,NULL),(296,'yellow',3,10,'/asset/imagesHQ/296.png','/asset/thumbnails-compressed/296.png','/asset/images/296.png','makuhita','Makuhita',864,11,10,NULL),(297,'brown',3,23,'/asset/imagesHQ/297.png','/asset/thumbnails-compressed/297.png','/asset/images/297.png','hariyama','Hariyama',2538,11,10,NULL),(298,'blue',3,2,'/asset/imagesHQ/298.png','/asset/thumbnails-compressed/298.png','/asset/images/298.png','azurill','Azurill',20,4,5,9),(299,'gray',3,10,'/asset/imagesHQ/299.png','/asset/thumbnails-compressed/299.png','/asset/images/299.png','nosepass','Tarinor',970,11,12,NULL),(300,'pink',3,6,'/asset/imagesHQ/300.png','/asset/thumbnails-compressed/300.png','/asset/images/300.png','skitty','Skitty',110,1,5,NULL),(301,'purple',3,11,'/asset/imagesHQ/301.png','/asset/thumbnails-compressed/301.png','/asset/images/301.png','delcatty','Delcatty',326,1,5,NULL),(302,'purple',3,5,'/asset/imagesHQ/302.png','/asset/thumbnails-compressed/302.png','/asset/images/302.png','sableye','Ténéfix',110,11,16,13),(303,'black',3,6,'/asset/imagesHQ/303.png','/asset/thumbnails-compressed/303.png','/asset/images/303.png','mawile','Mysdibule',115,11,17,9),(304,'gray',3,4,'/asset/imagesHQ/304.png','/asset/thumbnails-compressed/304.png','/asset/images/304.png','aron','Galekid',600,1,17,12),(305,'gray',3,9,'/asset/imagesHQ/305.png','/asset/thumbnails-compressed/305.png','/asset/images/305.png','lairon','Galegon',1200,1,17,12),(306,'gray',3,21,'/asset/imagesHQ/306.png','/asset/thumbnails-compressed/306.png','/asset/images/306.png','aggron','Galeking',3600,2,17,12),(307,'blue',3,6,'/asset/imagesHQ/307.png','/asset/thumbnails-compressed/307.png','/asset/images/307.png','meditite','Méditikka',112,11,10,11),(308,'red',3,13,'/asset/imagesHQ/308.png','/asset/thumbnails-compressed/308.png','/asset/images/308.png','medicham','Charmina',315,11,10,11),(309,'green',3,6,'/asset/imagesHQ/309.png','/asset/thumbnails-compressed/309.png','/asset/images/309.png','electrike','Dynavolt',152,1,7,NULL),(310,'yellow',3,15,'/asset/imagesHQ/310.png','/asset/thumbnails-compressed/310.png','/asset/images/310.png','manectric','Élecsprint',402,1,7,NULL),(311,'yellow',3,4,'/asset/imagesHQ/311.png','/asset/thumbnails-compressed/311.png','/asset/images/311.png','plusle','Posipi',42,2,7,NULL),(312,'yellow',3,4,'/asset/imagesHQ/312.png','/asset/thumbnails-compressed/312.png','/asset/images/312.png','minun','Négapi',42,2,7,NULL),(313,'gray',3,7,'/asset/imagesHQ/313.png','/asset/thumbnails-compressed/313.png','/asset/images/313.png','volbeat','Muciole',177,2,4,NULL),(314,'purple',3,6,'/asset/imagesHQ/314.png','/asset/thumbnails-compressed/314.png','/asset/images/314.png','illumise','Lumivole',177,11,4,NULL),(315,'green',3,3,'/asset/imagesHQ/315.png','/asset/thumbnails-compressed/315.png','/asset/images/315.png','roselia','Rosélia',20,11,1,6),(316,'green',3,4,'/asset/imagesHQ/316.png','/asset/thumbnails-compressed/316.png','/asset/images/316.png','gulpin','Gloupti',103,14,6,NULL),(317,'purple',3,17,'/asset/imagesHQ/317.png','/asset/thumbnails-compressed/317.png','/asset/images/317.png','swalot','Avaltout',800,14,6,NULL),(318,'red',3,8,'/asset/imagesHQ/318.png','/asset/thumbnails-compressed/318.png','/asset/images/318.png','carvanha','Carvanha',208,5,3,16),(319,'blue',3,18,'/asset/imagesHQ/319.png','/asset/thumbnails-compressed/319.png','/asset/images/319.png','sharpedo','Sharpedo',888,5,3,16),(320,'blue',3,20,'/asset/imagesHQ/320.png','/asset/thumbnails-compressed/320.png','/asset/images/320.png','wailmer','Wailmer',1300,5,3,NULL),(321,'blue',3,145,'/asset/imagesHQ/321.png','/asset/thumbnails-compressed/321.png','/asset/images/321.png','wailord','Wailord',3980,5,3,NULL),(322,'yellow',3,7,'/asset/imagesHQ/322.png','/asset/thumbnails-compressed/322.png','/asset/images/322.png','numel','Chamallot',240,1,2,8),(323,'red',3,19,'/asset/imagesHQ/323.png','/asset/thumbnails-compressed/323.png','/asset/images/323.png','camerupt','Camérupt',2200,1,2,8),(324,'brown',3,5,'/asset/imagesHQ/324.png','/asset/thumbnails-compressed/324.png','/asset/images/324.png','torkoal','Chartor',804,1,2,NULL),(325,'black',3,7,'/asset/imagesHQ/325.png','/asset/thumbnails-compressed/325.png','/asset/images/325.png','spoink','Spoink',306,14,11,NULL),(326,'purple',3,9,'/asset/imagesHQ/326.png','/asset/thumbnails-compressed/326.png','/asset/images/326.png','grumpig','Groret',715,2,11,NULL),(327,'brown',3,11,'/asset/imagesHQ/327.png','/asset/thumbnails-compressed/327.png','/asset/images/327.png','spinda','Spinda',50,2,5,NULL),(328,'brown',3,7,'/asset/imagesHQ/328.png','/asset/thumbnails-compressed/328.png','/asset/images/328.png','trapinch','Kraknoix',150,6,8,NULL),(329,'green',3,11,'/asset/imagesHQ/329.png','/asset/thumbnails-compressed/329.png','/asset/images/329.png','vibrava','Vibraninf',153,7,8,15),(330,'green',3,20,'/asset/imagesHQ/330.png','/asset/thumbnails-compressed/330.png','/asset/images/330.png','flygon','Libégon',820,12,8,15),(331,'green',3,4,'/asset/imagesHQ/331.png','/asset/thumbnails-compressed/331.png','/asset/images/331.png','cacnea','Cacnea',513,11,1,NULL),(332,'green',3,13,'/asset/imagesHQ/332.png','/asset/thumbnails-compressed/332.png','/asset/images/332.png','cacturne','Cacturne',774,11,1,16),(333,'blue',3,4,'/asset/imagesHQ/333.png','/asset/thumbnails-compressed/333.png','/asset/images/333.png','swablu','Tylton',12,12,5,18),(334,'blue',3,11,'/asset/imagesHQ/334.png','/asset/thumbnails-compressed/334.png','/asset/images/334.png','altaria','Altaria',206,12,15,18),(335,'white',3,13,'/asset/imagesHQ/335.png','/asset/thumbnails-compressed/335.png','/asset/images/335.png','zangoose','Mangriff',403,2,5,NULL),(336,'black',3,27,'/asset/imagesHQ/336.png','/asset/thumbnails-compressed/336.png','/asset/images/336.png','seviper','Séviper',525,13,6,NULL),(337,'yellow',3,10,'/asset/imagesHQ/337.png','/asset/thumbnails-compressed/337.png','/asset/images/337.png','lunatone','Séléroc',1680,3,12,11),(338,'red',3,12,'/asset/imagesHQ/338.png','/asset/thumbnails-compressed/338.png','/asset/images/338.png','solrock','Solaroc',1540,3,12,11),(339,'gray',3,4,'/asset/imagesHQ/339.png','/asset/thumbnails-compressed/339.png','/asset/images/339.png','barboach','Barloche',19,5,3,8),(340,'blue',3,9,'/asset/imagesHQ/340.png','/asset/thumbnails-compressed/340.png','/asset/images/340.png','whiscash','Barbicha',236,5,3,8),(341,'red',3,6,'/asset/imagesHQ/341.png','/asset/thumbnails-compressed/341.png','/asset/images/341.png','corphish','Écrapince',115,6,3,NULL),(342,'red',3,11,'/asset/imagesHQ/342.png','/asset/thumbnails-compressed/342.png','/asset/images/342.png','crawdaunt','Colhomard',328,6,3,16),(343,'brown',3,5,'/asset/imagesHQ/343.png','/asset/thumbnails-compressed/343.png','/asset/images/343.png','baltoy','Balbuto',215,14,8,11),(344,'black',3,15,'/asset/imagesHQ/344.png','/asset/thumbnails-compressed/344.png','/asset/images/344.png','claydol','Kaorine',1080,14,8,11),(345,'purple',3,10,'/asset/imagesHQ/345.png','/asset/thumbnails-compressed/345.png','/asset/images/345.png','lileep','Lilia',238,10,12,1),(346,'green',3,15,'/asset/imagesHQ/346.png','/asset/thumbnails-compressed/346.png','/asset/images/346.png','cradily','Vacilys',604,10,12,1),(347,'gray',3,7,'/asset/imagesHQ/347.png','/asset/thumbnails-compressed/347.png','/asset/images/347.png','anorith','Anorith',125,6,12,4),(348,'gray',3,15,'/asset/imagesHQ/348.png','/asset/thumbnails-compressed/348.png','/asset/images/348.png','armaldo','Armaldo',682,2,12,4),(349,'brown',3,6,'/asset/imagesHQ/349.png','/asset/thumbnails-compressed/349.png','/asset/images/349.png','feebas','Barpau',74,5,3,NULL),(350,'pink',3,62,'/asset/imagesHQ/350.png','/asset/thumbnails-compressed/350.png','/asset/images/350.png','milotic','Milobellus',1620,13,3,NULL),(351,'gray',3,3,'/asset/imagesHQ/351.png','/asset/thumbnails-compressed/351.png','/asset/images/351.png','castform','Morphéo',8,3,5,NULL),(352,'green',3,10,'/asset/imagesHQ/352.png','/asset/thumbnails-compressed/352.png','/asset/images/352.png','kecleon','Kecleon',220,2,5,NULL),(353,'black',3,6,'/asset/imagesHQ/353.png','/asset/thumbnails-compressed/353.png','/asset/images/353.png','shuppet','Polichombr',23,3,13,NULL),(354,'black',3,11,'/asset/imagesHQ/354.png','/asset/thumbnails-compressed/354.png','/asset/images/354.png','banette','Branette',125,2,13,NULL),(355,'black',3,8,'/asset/imagesHQ/355.png','/asset/thumbnails-compressed/355.png','/asset/images/355.png','duskull','Skelénox',150,14,13,NULL),(356,'black',3,16,'/asset/imagesHQ/356.png','/asset/thumbnails-compressed/356.png','/asset/images/356.png','dusclops','Téraclope',306,11,13,NULL),(357,'green',3,20,'/asset/imagesHQ/357.png','/asset/thumbnails-compressed/357.png','/asset/images/357.png','tropius','Tropius',1000,1,1,18),(358,'blue',3,6,'/asset/imagesHQ/358.png','/asset/thumbnails-compressed/358.png','/asset/images/358.png','chimecho','Éoko',10,14,11,NULL),(359,'white',3,12,'/asset/imagesHQ/359.png','/asset/thumbnails-compressed/359.png','/asset/images/359.png','absol','Absol',470,1,16,NULL),(360,'blue',3,6,'/asset/imagesHQ/360.png','/asset/thumbnails-compressed/360.png','/asset/images/360.png','wynaut','Okéoké',140,2,11,NULL),(361,'gray',3,7,'/asset/imagesHQ/361.png','/asset/thumbnails-compressed/361.png','/asset/images/361.png','snorunt','Stalgamin',168,11,14,NULL),(362,'gray',3,15,'/asset/imagesHQ/362.png','/asset/thumbnails-compressed/362.png','/asset/images/362.png','glalie','Oniglali',2565,3,14,NULL),(363,'blue',3,8,'/asset/imagesHQ/363.png','/asset/thumbnails-compressed/363.png','/asset/images/363.png','spheal','Obalie',395,5,14,3),(364,'blue',3,11,'/asset/imagesHQ/364.png','/asset/thumbnails-compressed/364.png','/asset/images/364.png','sealeo','Phogleur',876,5,14,3),(365,'blue',3,14,'/asset/imagesHQ/365.png','/asset/thumbnails-compressed/365.png','/asset/images/365.png','walrein','Kaimorse',1506,1,14,3),(366,'blue',3,4,'/asset/imagesHQ/366.png','/asset/thumbnails-compressed/366.png','/asset/images/366.png','clamperl','Coquiperl',525,3,3,NULL),(367,'blue',3,17,'/asset/imagesHQ/367.png','/asset/thumbnails-compressed/367.png','/asset/images/367.png','huntail','Serpang',270,13,3,NULL),(368,'pink',3,18,'/asset/imagesHQ/368.png','/asset/thumbnails-compressed/368.png','/asset/images/368.png','gorebyss','Rosabyss',226,13,3,NULL),(369,'gray',3,10,'/asset/imagesHQ/369.png','/asset/thumbnails-compressed/369.png','/asset/images/369.png','relicanth','Relicanth',234,5,3,12),(370,'pink',3,6,'/asset/imagesHQ/370.png','/asset/thumbnails-compressed/370.png','/asset/images/370.png','luvdisc','Lovdisc',87,5,3,NULL),(371,'blue',3,6,'/asset/imagesHQ/371.png','/asset/thumbnails-compressed/371.png','/asset/images/371.png','bagon','Draby',421,11,15,NULL),(372,'white',3,11,'/asset/imagesHQ/372.png','/asset/thumbnails-compressed/372.png','/asset/images/372.png','shelgon','Drackhaus',1105,1,15,NULL),(373,'blue',3,15,'/asset/imagesHQ/373.png','/asset/thumbnails-compressed/373.png','/asset/images/373.png','salamence','Drattak',1026,1,15,18),(374,'blue',3,6,'/asset/imagesHQ/374.png','/asset/thumbnails-compressed/374.png','/asset/images/374.png','beldum','Terhal',952,10,17,11),(375,'blue',3,12,'/asset/imagesHQ/375.png','/asset/thumbnails-compressed/375.png','/asset/images/375.png','metang','Métang',2025,14,17,11),(376,'blue',3,16,'/asset/imagesHQ/376.png','/asset/thumbnails-compressed/376.png','/asset/images/376.png','metagross','Métalosse',5500,8,17,11),(377,'brown',3,17,'/asset/imagesHQ/377.png','/asset/thumbnails-compressed/377.png','/asset/images/377.png','regirock','Regirock',2300,11,12,NULL),(378,'blue',3,18,'/asset/imagesHQ/378.png','/asset/thumbnails-compressed/378.png','/asset/images/378.png','regice','Regice',1750,11,14,NULL),(379,'gray',3,19,'/asset/imagesHQ/379.png','/asset/thumbnails-compressed/379.png','/asset/images/379.png','registeel','Registeel',2050,11,17,NULL),(380,'red',3,14,'/asset/imagesHQ/380.png','/asset/thumbnails-compressed/380.png','/asset/images/380.png','latias','Latias',400,12,15,11),(381,'blue',3,20,'/asset/imagesHQ/381.png','/asset/thumbnails-compressed/381.png','/asset/images/381.png','latios','Latios',600,12,15,11),(382,'blue',3,45,'/asset/imagesHQ/382.png','/asset/thumbnails-compressed/382.png','/asset/images/382.png','kyogre','Kyogre',3520,5,3,NULL),(383,'red',3,35,'/asset/imagesHQ/383.png','/asset/thumbnails-compressed/383.png','/asset/images/383.png','groudon','Groudon',9500,2,8,NULL),(384,'green',3,70,'/asset/imagesHQ/384.png','/asset/thumbnails-compressed/384.png','/asset/images/384.png','rayquaza','Rayquaza',2065,13,15,18),(385,'yellow',3,3,'/asset/imagesHQ/385.png','/asset/thumbnails-compressed/385.png','/asset/images/385.png','jirachi','Jirachi',11,11,17,11),(386,'red',3,17,'/asset/imagesHQ/386.png','/asset/thumbnails-compressed/386.png','/asset/images/386.png','deoxys','Deoxys',608,11,11,NULL),(387,'green',4,4,'/asset/imagesHQ/387.png','/asset/thumbnails-compressed/387.png','/asset/images/387.png','turtwig','Tortipouss',102,1,1,NULL),(388,'green',4,11,'/asset/imagesHQ/388.png','/asset/thumbnails-compressed/388.png','/asset/images/388.png','grotle','Boskara',970,1,1,NULL),(389,'green',4,22,'/asset/imagesHQ/389.png','/asset/thumbnails-compressed/389.png','/asset/images/389.png','torterra','Torterra',3100,1,1,8),(390,'brown',4,5,'/asset/imagesHQ/390.png','/asset/thumbnails-compressed/390.png','/asset/images/390.png','chimchar','Ouisticram',62,2,2,NULL),(391,'brown',4,9,'/asset/imagesHQ/391.png','/asset/thumbnails-compressed/391.png','/asset/images/391.png','monferno','Chimpenfeu',220,2,2,10),(392,'brown',4,12,'/asset/imagesHQ/392.png','/asset/thumbnails-compressed/392.png','/asset/images/392.png','infernape','Simiabraz',550,2,2,10),(393,'blue',4,4,'/asset/imagesHQ/393.png','/asset/thumbnails-compressed/393.png','/asset/images/393.png','piplup','Tiplouf',52,11,3,NULL),(394,'blue',4,8,'/asset/imagesHQ/394.png','/asset/thumbnails-compressed/394.png','/asset/images/394.png','prinplup','Prinplouf',230,2,3,NULL),(395,'blue',4,17,'/asset/imagesHQ/395.png','/asset/thumbnails-compressed/395.png','/asset/images/395.png','empoleon','Pingoléon',845,2,3,17),(396,'brown',4,3,'/asset/imagesHQ/396.png','/asset/thumbnails-compressed/396.png','/asset/images/396.png','starly','Étourmi',20,12,5,18),(397,'brown',4,6,'/asset/imagesHQ/397.png','/asset/thumbnails-compressed/397.png','/asset/images/397.png','staravia','Étourvol',155,12,5,18),(398,'brown',4,12,'/asset/imagesHQ/398.png','/asset/thumbnails-compressed/398.png','/asset/images/398.png','staraptor','Étouraptor',249,12,5,18),(399,'brown',4,5,'/asset/imagesHQ/399.png','/asset/thumbnails-compressed/399.png','/asset/images/399.png','bidoof','Keunotor',200,1,5,NULL),(400,'brown',4,10,'/asset/imagesHQ/400.png','/asset/thumbnails-compressed/400.png','/asset/images/400.png','bibarel','Castorno',315,2,5,3),(401,'red',4,3,'/asset/imagesHQ/401.png','/asset/thumbnails-compressed/401.png','/asset/images/401.png','kricketot','Crikzik',22,11,4,NULL),(402,'red',4,10,'/asset/imagesHQ/402.png','/asset/thumbnails-compressed/402.png','/asset/images/402.png','kricketune','Mélokrik',255,7,4,NULL),(403,'blue',4,5,'/asset/imagesHQ/403.png','/asset/thumbnails-compressed/403.png','/asset/images/403.png','shinx','Lixy',95,1,7,NULL),(404,'blue',4,9,'/asset/imagesHQ/404.png','/asset/thumbnails-compressed/404.png','/asset/images/404.png','luxio','Luxio',305,1,7,NULL),(405,'blue',4,14,'/asset/imagesHQ/405.png','/asset/thumbnails-compressed/405.png','/asset/images/405.png','luxray','Luxray',420,1,7,NULL),(406,'green',4,2,'/asset/imagesHQ/406.png','/asset/thumbnails-compressed/406.png','/asset/images/406.png','budew','Rozbouton',12,11,1,6),(407,'green',4,9,'/asset/imagesHQ/407.png','/asset/thumbnails-compressed/407.png','/asset/images/407.png','roserade','Roserade',145,11,1,6),(408,'blue',4,9,'/asset/imagesHQ/408.png','/asset/thumbnails-compressed/408.png','/asset/images/408.png','cranidos','Kranidos',315,2,12,NULL),(409,'blue',4,16,'/asset/imagesHQ/409.png','/asset/thumbnails-compressed/409.png','/asset/images/409.png','rampardos','Charkos',1025,2,12,NULL),(410,'gray',4,5,'/asset/imagesHQ/410.png','/asset/thumbnails-compressed/410.png','/asset/images/410.png','shieldon','Dinoclier',570,1,12,17),(411,'gray',4,13,'/asset/imagesHQ/411.png','/asset/thumbnails-compressed/411.png','/asset/images/411.png','bastiodon','Bastiodon',1495,1,12,17),(412,'green',4,2,'/asset/imagesHQ/412.png','/asset/thumbnails-compressed/412.png','/asset/images/412.png','burmy','Cheniti',34,10,4,NULL),(413,'green',4,5,'/asset/imagesHQ/413.png','/asset/thumbnails-compressed/413.png','/asset/images/413.png','wormadam','Cheniselle',65,10,4,1),(414,'yellow',4,9,'/asset/imagesHQ/414.png','/asset/thumbnails-compressed/414.png','/asset/images/414.png','mothim','Papilord',233,7,4,18),(415,'yellow',4,3,'/asset/imagesHQ/415.png','/asset/thumbnails-compressed/415.png','/asset/images/415.png','combee','Apitrini',55,8,4,18),(416,'yellow',4,12,'/asset/imagesHQ/416.png','/asset/thumbnails-compressed/416.png','/asset/images/416.png','vespiquen','Apireine',385,7,4,18),(417,'white',4,4,'/asset/imagesHQ/417.png','/asset/thumbnails-compressed/417.png','/asset/images/417.png','pachirisu','Pachirisu',39,1,7,NULL),(418,'brown',4,7,'/asset/imagesHQ/418.png','/asset/thumbnails-compressed/418.png','/asset/images/418.png','buizel','Mustébouée',295,1,3,NULL),(419,'brown',4,11,'/asset/imagesHQ/419.png','/asset/thumbnails-compressed/419.png','/asset/images/419.png','floatzel','Mustéflott',335,1,3,NULL),(420,'pink',4,4,'/asset/imagesHQ/420.png','/asset/thumbnails-compressed/420.png','/asset/images/420.png','cherubi','Ceribou',33,8,1,NULL),(421,'purple',4,5,'/asset/imagesHQ/421.png','/asset/thumbnails-compressed/421.png','/asset/images/421.png','cherrim','Ceriflor',93,4,1,NULL),(422,'purple',4,3,'/asset/imagesHQ/422.png','/asset/thumbnails-compressed/422.png','/asset/images/422.png','shellos','Sancoki',63,13,3,NULL),(423,'purple',4,9,'/asset/imagesHQ/423.png','/asset/thumbnails-compressed/423.png','/asset/images/423.png','gastrodon','Tritosor',299,13,3,8),(424,'purple',4,12,'/asset/imagesHQ/424.png','/asset/thumbnails-compressed/424.png','/asset/images/424.png','ambipom','Capidextre',203,2,5,NULL),(425,'purple',4,4,'/asset/imagesHQ/425.png','/asset/thumbnails-compressed/425.png','/asset/images/425.png','drifloon','Baudrive',12,14,13,18),(426,'purple',4,12,'/asset/imagesHQ/426.png','/asset/thumbnails-compressed/426.png','/asset/images/426.png','drifblim','Grodrive',150,14,13,18),(427,'brown',4,4,'/asset/imagesHQ/427.png','/asset/thumbnails-compressed/427.png','/asset/images/427.png','buneary','Laporeille',55,2,5,NULL),(428,'brown',4,12,'/asset/imagesHQ/428.png','/asset/thumbnails-compressed/428.png','/asset/images/428.png','lopunny','Lockpin',333,2,5,NULL),(429,'purple',4,9,'/asset/imagesHQ/429.png','/asset/thumbnails-compressed/429.png','/asset/images/429.png','mismagius','Magirêve',44,3,13,NULL),(430,'black',4,9,'/asset/imagesHQ/430.png','/asset/thumbnails-compressed/430.png','/asset/images/430.png','honchkrow','Corboss',273,12,16,18),(431,'gray',4,5,'/asset/imagesHQ/431.png','/asset/thumbnails-compressed/431.png','/asset/images/431.png','glameow','Chaglam',39,1,5,NULL),(432,'gray',4,10,'/asset/imagesHQ/432.png','/asset/thumbnails-compressed/432.png','/asset/images/432.png','purugly','Chaffreux',438,1,5,NULL),(433,'yellow',4,2,'/asset/imagesHQ/433.png','/asset/thumbnails-compressed/433.png','/asset/images/433.png','chingling','Korillon',6,11,11,NULL),(434,'purple',4,4,'/asset/imagesHQ/434.png','/asset/thumbnails-compressed/434.png','/asset/images/434.png','stunky','Moufouette',192,1,6,16),(435,'purple',4,10,'/asset/imagesHQ/435.png','/asset/thumbnails-compressed/435.png','/asset/images/435.png','skuntank','Moufflair',380,1,6,16),(436,'green',4,5,'/asset/imagesHQ/436.png','/asset/thumbnails-compressed/436.png','/asset/images/436.png','bronzor','Archéomire',605,3,17,11),(437,'green',4,13,'/asset/imagesHQ/437.png','/asset/thumbnails-compressed/437.png','/asset/images/437.png','bronzong','Archéodong',1870,14,17,11),(438,'brown',4,5,'/asset/imagesHQ/438.png','/asset/thumbnails-compressed/438.png','/asset/images/438.png','bonsly','Manzaï',150,4,12,NULL),(439,'pink',4,6,'/asset/imagesHQ/439.png','/asset/thumbnails-compressed/439.png','/asset/images/439.png','mime-jr','Mime Jr.',130,11,11,9),(440,'pink',4,6,'/asset/imagesHQ/440.png','/asset/thumbnails-compressed/440.png','/asset/images/440.png','happiny','Ptiravi',244,11,5,NULL),(441,'black',4,5,'/asset/imagesHQ/441.png','/asset/thumbnails-compressed/441.png','/asset/images/441.png','chatot','Pijako',19,12,5,18),(442,'purple',4,10,'/asset/imagesHQ/442.png','/asset/thumbnails-compressed/442.png','/asset/images/442.png','spiritomb','Spiritomb',1080,10,13,16),(443,'blue',4,7,'/asset/imagesHQ/443.png','/asset/thumbnails-compressed/443.png','/asset/images/443.png','gible','Griknot',205,2,15,8),(444,'blue',4,14,'/asset/imagesHQ/444.png','/asset/thumbnails-compressed/444.png','/asset/images/444.png','gabite','Carmache',560,2,15,8),(445,'blue',4,19,'/asset/imagesHQ/445.png','/asset/thumbnails-compressed/445.png','/asset/images/445.png','garchomp','Carchacrok',950,2,15,8),(446,'black',4,6,'/asset/imagesHQ/446.png','/asset/thumbnails-compressed/446.png','/asset/images/446.png','munchlax','Goinfrex',1050,11,5,NULL),(447,'blue',4,7,'/asset/imagesHQ/447.png','/asset/thumbnails-compressed/447.png','/asset/images/447.png','riolu','Riolu',202,2,10,NULL),(448,'blue',4,12,'/asset/imagesHQ/448.png','/asset/thumbnails-compressed/448.png','/asset/images/448.png','lucario','Lucario',540,2,10,17),(449,'brown',4,8,'/asset/imagesHQ/449.png','/asset/thumbnails-compressed/449.png','/asset/images/449.png','hippopotas','Hippopotas',495,1,8,NULL),(450,'brown',4,20,'/asset/imagesHQ/450.png','/asset/thumbnails-compressed/450.png','/asset/images/450.png','hippowdon','Hippodocus',3000,1,8,NULL),(451,'purple',4,8,'/asset/imagesHQ/451.png','/asset/thumbnails-compressed/451.png','/asset/images/451.png','skorupi','Rapion',120,6,6,4),(452,'purple',4,13,'/asset/imagesHQ/452.png','/asset/thumbnails-compressed/452.png','/asset/images/452.png','drapion','Drascore',615,6,6,16),(453,'blue',4,7,'/asset/imagesHQ/453.png','/asset/thumbnails-compressed/453.png','/asset/images/453.png','croagunk','Cradopaud',230,11,6,10),(454,'blue',4,13,'/asset/imagesHQ/454.png','/asset/thumbnails-compressed/454.png','/asset/images/454.png','toxicroak','Coatox',444,11,6,10),(455,'green',4,14,'/asset/imagesHQ/455.png','/asset/thumbnails-compressed/455.png','/asset/images/455.png','carnivine','Vortente',270,9,1,NULL),(456,'blue',4,4,'/asset/imagesHQ/456.png','/asset/thumbnails-compressed/456.png','/asset/images/456.png','finneon','Écayon',70,5,3,NULL),(457,'blue',4,12,'/asset/imagesHQ/457.png','/asset/thumbnails-compressed/457.png','/asset/images/457.png','lumineon','Luminéon',240,5,3,NULL),(458,'blue',4,10,'/asset/imagesHQ/458.png','/asset/thumbnails-compressed/458.png','/asset/images/458.png','mantyke','Babimanta',650,12,3,18),(459,'white',4,10,'/asset/imagesHQ/459.png','/asset/thumbnails-compressed/459.png','/asset/images/459.png','snover','Blizzi',505,2,1,14),(460,'white',4,22,'/asset/imagesHQ/460.png','/asset/thumbnails-compressed/460.png','/asset/images/460.png','abomasnow','Blizzaroi',1355,2,1,14),(461,'black',4,11,'/asset/imagesHQ/461.png','/asset/thumbnails-compressed/461.png','/asset/images/461.png','weavile','Dimoret',340,2,16,14),(462,'gray',4,12,'/asset/imagesHQ/462.png','/asset/thumbnails-compressed/462.png','/asset/images/462.png','magnezone','Magnézone',1800,14,7,17),(463,'pink',4,17,'/asset/imagesHQ/463.png','/asset/thumbnails-compressed/463.png','/asset/images/463.png','lickilicky','Coudlangue',1400,11,5,NULL),(464,'gray',4,24,'/asset/imagesHQ/464.png','/asset/thumbnails-compressed/464.png','/asset/images/464.png','rhyperior','Rhinastoc',2828,2,8,12),(465,'blue',4,20,'/asset/imagesHQ/465.png','/asset/thumbnails-compressed/465.png','/asset/images/465.png','tangrowth','Bouldeneu',1286,11,1,NULL),(466,'yellow',4,18,'/asset/imagesHQ/466.png','/asset/thumbnails-compressed/466.png','/asset/images/466.png','electivire','Élekable',1386,2,7,NULL),(467,'red',4,16,'/asset/imagesHQ/467.png','/asset/thumbnails-compressed/467.png','/asset/images/467.png','magmortar','Maganon',680,2,2,NULL),(468,'white',4,15,'/asset/imagesHQ/468.png','/asset/thumbnails-compressed/468.png','/asset/images/468.png','togekiss','Togekiss',380,12,9,18),(469,'green',4,19,'/asset/imagesHQ/469.png','/asset/thumbnails-compressed/469.png','/asset/images/469.png','yanmega','Yanmega',515,7,4,18),(470,'green',4,10,'/asset/imagesHQ/470.png','/asset/thumbnails-compressed/470.png','/asset/images/470.png','leafeon','Phyllali',255,1,1,NULL),(471,'blue',4,8,'/asset/imagesHQ/471.png','/asset/thumbnails-compressed/471.png','/asset/images/471.png','glaceon','Givrali',259,1,14,NULL),(472,'purple',4,20,'/asset/imagesHQ/472.png','/asset/thumbnails-compressed/472.png','/asset/images/472.png','gliscor','Scorvol',425,12,8,18),(473,'brown',4,25,'/asset/imagesHQ/473.png','/asset/thumbnails-compressed/473.png','/asset/images/473.png','mamoswine','Mammochon',2910,1,14,8),(474,'red',4,9,'/asset/imagesHQ/474.png','/asset/thumbnails-compressed/474.png','/asset/images/474.png','porygon-z','Porygon-Z',340,14,5,NULL),(475,'white',4,16,'/asset/imagesHQ/475.png','/asset/thumbnails-compressed/475.png','/asset/images/475.png','gallade','Gallame',520,11,11,10),(476,'gray',4,14,'/asset/imagesHQ/476.png','/asset/thumbnails-compressed/476.png','/asset/images/476.png','probopass','Tarinorme',3400,8,12,17),(477,'black',4,22,'/asset/imagesHQ/477.png','/asset/thumbnails-compressed/477.png','/asset/images/477.png','dusknoir','Noctunoir',1066,14,13,NULL),(478,'white',4,13,'/asset/imagesHQ/478.png','/asset/thumbnails-compressed/478.png','/asset/images/478.png','froslass','Momartik',266,14,14,13),(479,'red',4,3,'/asset/imagesHQ/479.png','/asset/thumbnails-compressed/479.png','/asset/images/479.png','rotom','Motisma',3,3,7,13),(480,'yellow',4,3,'/asset/imagesHQ/480.png','/asset/thumbnails-compressed/480.png','/asset/images/480.png','uxie','Créhelf',3,2,11,NULL),(481,'pink',4,3,'/asset/imagesHQ/481.png','/asset/thumbnails-compressed/481.png','/asset/images/481.png','mesprit','Créfollet',3,2,11,NULL),(482,'blue',4,3,'/asset/imagesHQ/482.png','/asset/thumbnails-compressed/482.png','/asset/images/482.png','azelf','Créfadet',3,2,11,NULL),(483,'white',4,54,'/asset/imagesHQ/483.png','/asset/thumbnails-compressed/483.png','/asset/images/483.png','dialga','Dialga',6830,1,17,15),(484,'purple',4,42,'/asset/imagesHQ/484.png','/asset/thumbnails-compressed/484.png','/asset/images/484.png','palkia','Palkia',3360,2,3,15),(485,'brown',4,17,'/asset/imagesHQ/485.png','/asset/thumbnails-compressed/485.png','/asset/images/485.png','heatran','Heatran',4300,1,2,17),(486,'white',4,37,'/asset/imagesHQ/486.png','/asset/thumbnails-compressed/486.png','/asset/images/486.png','regigigas','Regigigas',4200,11,5,NULL),(487,'black',4,45,'/asset/imagesHQ/487.png','/asset/thumbnails-compressed/487.png','/asset/images/487.png','giratina','Giratina',7500,9,13,15),(488,'yellow',4,15,'/asset/imagesHQ/488.png','/asset/thumbnails-compressed/488.png','/asset/images/488.png','cresselia','Cresselia',856,13,11,NULL),(489,'blue',4,4,'/asset/imagesHQ/489.png','/asset/thumbnails-compressed/489.png','/asset/images/489.png','phione','Phione',31,14,3,NULL),(490,'blue',4,3,'/asset/imagesHQ/490.png','/asset/thumbnails-compressed/490.png','/asset/images/490.png','manaphy','Manaphy',14,11,3,NULL),(491,'black',4,15,'/asset/imagesHQ/491.png','/asset/thumbnails-compressed/491.png','/asset/images/491.png','darkrai','Darkrai',505,11,16,NULL),(492,'green',4,2,'/asset/imagesHQ/492.png','/asset/thumbnails-compressed/492.png','/asset/images/492.png','shaymin','Shaymin',21,1,1,NULL),(493,'white',4,32,'/asset/imagesHQ/493.png','/asset/thumbnails-compressed/493.png','/asset/images/493.png','arceus','Arceus',3200,1,5,NULL),(494,'yellow',4,4,'/asset/imagesHQ/494.png','/asset/thumbnails-compressed/494.png','/asset/images/494.png','victini','Victini',40,11,11,2),(495,'green',5,6,'/asset/imagesHQ/495.png','/asset/thumbnails-compressed/495.png','/asset/images/495.png','snivy','Vipélierre',81,2,1,NULL),(496,'green',5,8,'/asset/imagesHQ/496.png','/asset/thumbnails-compressed/496.png','/asset/images/496.png','servine','Lianaja',160,2,1,NULL),(497,'green',5,33,'/asset/imagesHQ/497.png','/asset/thumbnails-compressed/497.png','/asset/images/497.png','serperior','Majaspic',630,13,1,NULL),(498,'red',5,5,'/asset/imagesHQ/498.png','/asset/thumbnails-compressed/498.png','/asset/images/498.png','tepig','Gruikui',99,1,2,NULL),(499,'red',5,10,'/asset/imagesHQ/499.png','/asset/thumbnails-compressed/499.png','/asset/images/499.png','pignite','Grotichon',555,2,2,10),(500,'red',5,16,'/asset/imagesHQ/500.png','/asset/thumbnails-compressed/500.png','/asset/images/500.png','emboar','Roitiflam',1500,2,2,10),(501,'blue',5,5,'/asset/imagesHQ/501.png','/asset/thumbnails-compressed/501.png','/asset/images/501.png','oshawott','Moustillon',59,2,3,NULL),(502,'blue',5,8,'/asset/imagesHQ/502.png','/asset/thumbnails-compressed/502.png','/asset/images/502.png','dewott','Mateloutre',245,2,3,NULL),(503,'blue',5,15,'/asset/imagesHQ/503.png','/asset/thumbnails-compressed/503.png','/asset/images/503.png','samurott','Clamiral',946,1,3,NULL),(504,'brown',5,5,'/asset/imagesHQ/504.png','/asset/thumbnails-compressed/504.png','/asset/images/504.png','patrat','Ratentif',116,1,5,NULL),(505,'brown',5,11,'/asset/imagesHQ/505.png','/asset/thumbnails-compressed/505.png','/asset/images/505.png','watchog','Miradar',270,2,5,NULL),(506,'brown',5,4,'/asset/imagesHQ/506.png','/asset/thumbnails-compressed/506.png','/asset/images/506.png','lillipup','Ponchiot',41,1,5,NULL),(507,'gray',5,9,'/asset/imagesHQ/507.png','/asset/thumbnails-compressed/507.png','/asset/images/507.png','herdier','Ponchien',147,1,5,NULL),(508,'gray',5,12,'/asset/imagesHQ/508.png','/asset/thumbnails-compressed/508.png','/asset/images/508.png','stoutland','Mastouffe',610,1,5,NULL),(509,'purple',5,4,'/asset/imagesHQ/509.png','/asset/thumbnails-compressed/509.png','/asset/images/509.png','purrloin','Chacripan',101,1,16,NULL),(510,'purple',5,11,'/asset/imagesHQ/510.png','/asset/thumbnails-compressed/510.png','/asset/images/510.png','liepard','Léopardus',375,1,16,NULL),(511,'green',5,6,'/asset/imagesHQ/511.png','/asset/thumbnails-compressed/511.png','/asset/images/511.png','pansage','Feuillajou',105,2,1,NULL),(512,'green',5,11,'/asset/imagesHQ/512.png','/asset/thumbnails-compressed/512.png','/asset/images/512.png','simisage','Feuiloutan',305,2,1,NULL),(513,'red',5,6,'/asset/imagesHQ/513.png','/asset/thumbnails-compressed/513.png','/asset/images/513.png','pansear','Flamajou',110,2,2,NULL),(514,'red',5,10,'/asset/imagesHQ/514.png','/asset/thumbnails-compressed/514.png','/asset/images/514.png','simisear','Flamoutan',280,2,2,NULL),(515,'blue',5,6,'/asset/imagesHQ/515.png','/asset/thumbnails-compressed/515.png','/asset/images/515.png','panpour','Flotajou',135,2,3,NULL),(516,'blue',5,10,'/asset/imagesHQ/516.png','/asset/thumbnails-compressed/516.png','/asset/images/516.png','simipour','Flotoutan',290,2,3,NULL),(517,'pink',5,6,'/asset/imagesHQ/517.png','/asset/thumbnails-compressed/517.png','/asset/images/517.png','munna','Munna',233,1,11,NULL),(518,'pink',5,11,'/asset/imagesHQ/518.png','/asset/thumbnails-compressed/518.png','/asset/images/518.png','musharna','Mushana',605,11,11,NULL),(519,'gray',5,3,'/asset/imagesHQ/519.png','/asset/thumbnails-compressed/519.png','/asset/images/519.png','pidove','Poichigeon',21,12,5,18),(520,'gray',5,6,'/asset/imagesHQ/520.png','/asset/thumbnails-compressed/520.png','/asset/images/520.png','tranquill','Colombeau',150,12,5,18),(521,'gray',5,12,'/asset/imagesHQ/521.png','/asset/thumbnails-compressed/521.png','/asset/images/521.png','unfezant','Déflaisan',290,12,5,18),(522,'black',5,8,'/asset/imagesHQ/522.png','/asset/thumbnails-compressed/522.png','/asset/images/522.png','blitzle','Zébibron',298,1,7,NULL),(523,'black',5,16,'/asset/imagesHQ/523.png','/asset/thumbnails-compressed/523.png','/asset/images/523.png','zebstrika','Zéblitz',795,1,7,NULL),(524,'blue',5,4,'/asset/imagesHQ/524.png','/asset/thumbnails-compressed/524.png','/asset/images/524.png','roggenrola','Nodulithe',180,4,12,NULL),(525,'blue',5,9,'/asset/imagesHQ/525.png','/asset/thumbnails-compressed/525.png','/asset/images/525.png','boldore','Géolithe',1020,9,12,NULL),(526,'blue',5,17,'/asset/imagesHQ/526.png','/asset/thumbnails-compressed/526.png','/asset/images/526.png','gigalith','Gigalithe',2600,9,12,NULL),(527,'blue',5,4,'/asset/imagesHQ/527.png','/asset/thumbnails-compressed/527.png','/asset/images/527.png','woobat','Chovsourir',21,12,11,18),(528,'blue',5,9,'/asset/imagesHQ/528.png','/asset/thumbnails-compressed/528.png','/asset/images/528.png','swoobat','Rhinolove',105,12,11,18),(529,'gray',5,3,'/asset/imagesHQ/529.png','/asset/thumbnails-compressed/529.png','/asset/images/529.png','drilbur','Rototaupe',85,2,8,NULL),(530,'gray',5,7,'/asset/imagesHQ/530.png','/asset/thumbnails-compressed/530.png','/asset/images/530.png','excadrill','Minotaupe',404,11,8,17),(531,'pink',5,11,'/asset/imagesHQ/531.png','/asset/thumbnails-compressed/531.png','/asset/images/531.png','audino','Nanméouïe',310,2,5,NULL),(532,'gray',5,6,'/asset/imagesHQ/532.png','/asset/thumbnails-compressed/532.png','/asset/images/532.png','timburr','Charpenti',125,11,10,NULL),(533,'gray',5,12,'/asset/imagesHQ/533.png','/asset/thumbnails-compressed/533.png','/asset/images/533.png','gurdurr','Ouvrifier',400,11,10,NULL),(534,'brown',5,14,'/asset/imagesHQ/534.png','/asset/thumbnails-compressed/534.png','/asset/images/534.png','conkeldurr','Bétochef',870,11,10,NULL),(535,'blue',5,5,'/asset/imagesHQ/535.png','/asset/thumbnails-compressed/535.png','/asset/images/535.png','tympole','Tritonde',45,5,3,NULL),(536,'blue',5,8,'/asset/imagesHQ/536.png','/asset/thumbnails-compressed/536.png','/asset/images/536.png','palpitoad','Batracné',170,2,3,8),(537,'blue',5,15,'/asset/imagesHQ/537.png','/asset/thumbnails-compressed/537.png','/asset/images/537.png','seismitoad','Crapustule',620,11,3,8),(538,'red',5,13,'/asset/imagesHQ/538.png','/asset/thumbnails-compressed/538.png','/asset/images/538.png','throh','Judokrak',555,11,10,NULL),(539,'blue',5,14,'/asset/imagesHQ/539.png','/asset/thumbnails-compressed/539.png','/asset/images/539.png','sawk','Karaclée',510,11,10,NULL),(540,'yellow',5,3,'/asset/imagesHQ/540.png','/asset/thumbnails-compressed/540.png','/asset/images/540.png','sewaddle','Larveyette',25,6,4,1),(541,'green',5,5,'/asset/imagesHQ/541.png','/asset/thumbnails-compressed/541.png','/asset/images/541.png','swadloon','Couverdure',73,14,4,1),(542,'yellow',5,12,'/asset/imagesHQ/542.png','/asset/thumbnails-compressed/542.png','/asset/images/542.png','leavanny','Manternel',205,11,4,1),(543,'red',5,4,'/asset/imagesHQ/543.png','/asset/thumbnails-compressed/543.png','/asset/images/543.png','venipede','Venipatte',53,6,4,6),(544,'gray',5,12,'/asset/imagesHQ/544.png','/asset/thumbnails-compressed/544.png','/asset/images/544.png','whirlipede','Scobolide',585,3,4,6),(545,'red',5,25,'/asset/imagesHQ/545.png','/asset/thumbnails-compressed/545.png','/asset/images/545.png','scolipede','Brutapode',2005,6,4,6),(546,'green',5,3,'/asset/imagesHQ/546.png','/asset/thumbnails-compressed/546.png','/asset/images/546.png','cottonee','Doudouvet',6,3,1,9),(547,'green',5,7,'/asset/imagesHQ/547.png','/asset/thumbnails-compressed/547.png','/asset/images/547.png','whimsicott','Farfaduvet',66,11,1,9),(548,'green',5,5,'/asset/imagesHQ/548.png','/asset/thumbnails-compressed/548.png','/asset/images/548.png','petilil','Chlorobule',66,10,1,NULL),(549,'green',5,11,'/asset/imagesHQ/549.png','/asset/thumbnails-compressed/549.png','/asset/images/549.png','lilligant','Fragilady',163,10,1,NULL),(550,'green',5,10,'/asset/imagesHQ/550.png','/asset/thumbnails-compressed/550.png','/asset/images/550.png','basculin','Bargantua',180,5,3,NULL),(551,'brown',5,7,'/asset/imagesHQ/551.png','/asset/thumbnails-compressed/551.png','/asset/images/551.png','sandile','Mascaïman',152,1,8,16),(552,'brown',5,10,'/asset/imagesHQ/552.png','/asset/thumbnails-compressed/552.png','/asset/images/552.png','krokorok','Escroco',334,1,8,16),(553,'red',5,15,'/asset/imagesHQ/553.png','/asset/thumbnails-compressed/553.png','/asset/images/553.png','krookodile','Crocorible',963,2,8,16),(554,'red',5,6,'/asset/imagesHQ/554.png','/asset/thumbnails-compressed/554.png','/asset/images/554.png','darumaka','Darumarond',375,11,2,NULL),(555,'red',5,13,'/asset/imagesHQ/555.png','/asset/thumbnails-compressed/555.png','/asset/images/555.png','darmanitan','Darumacho',929,1,2,NULL),(556,'green',5,10,'/asset/imagesHQ/556.png','/asset/thumbnails-compressed/556.png','/asset/images/556.png','maractus','Maracachi',280,10,1,NULL),(557,'red',5,3,'/asset/imagesHQ/557.png','/asset/thumbnails-compressed/557.png','/asset/images/557.png','dwebble','Crabicoque',145,6,4,12),(558,'red',5,14,'/asset/imagesHQ/558.png','/asset/thumbnails-compressed/558.png','/asset/images/558.png','crustle','Crabaraque',2000,6,4,12),(559,'yellow',5,6,'/asset/imagesHQ/559.png','/asset/thumbnails-compressed/559.png','/asset/images/559.png','scraggy','Baggiguane',118,2,16,10),(560,'red',5,11,'/asset/imagesHQ/560.png','/asset/thumbnails-compressed/560.png','/asset/images/560.png','scrafty','Baggaïd',300,2,16,10),(561,'black',5,14,'/asset/imagesHQ/561.png','/asset/thumbnails-compressed/561.png','/asset/images/561.png','sigilyph','Cryptéro',140,12,11,18),(562,'black',5,5,'/asset/imagesHQ/562.png','/asset/thumbnails-compressed/562.png','/asset/images/562.png','yamask','Tutafeh',15,14,13,NULL),(563,'yellow',5,17,'/asset/imagesHQ/563.png','/asset/thumbnails-compressed/563.png','/asset/images/563.png','cofagrigus','Tutankafer',765,10,13,NULL),(564,'blue',5,7,'/asset/imagesHQ/564.png','/asset/thumbnails-compressed/564.png','/asset/images/564.png','tirtouga','Carapagos',165,1,3,12),(565,'blue',5,12,'/asset/imagesHQ/565.png','/asset/thumbnails-compressed/565.png','/asset/images/565.png','carracosta','Mégapagos',810,2,3,12),(566,'yellow',5,5,'/asset/imagesHQ/566.png','/asset/thumbnails-compressed/566.png','/asset/images/566.png','archen','Arkéapti',95,12,12,18),(567,'yellow',5,14,'/asset/imagesHQ/567.png','/asset/thumbnails-compressed/567.png','/asset/images/567.png','archeops','Aéroptéryx',320,12,12,18),(568,'green',5,6,'/asset/imagesHQ/568.png','/asset/thumbnails-compressed/568.png','/asset/images/568.png','trubbish','Miamiasme',310,11,6,NULL),(569,'green',5,19,'/asset/imagesHQ/569.png','/asset/thumbnails-compressed/569.png','/asset/images/569.png','garbodor','Miasmax',1073,11,6,NULL),(570,'gray',5,7,'/asset/imagesHQ/570.png','/asset/thumbnails-compressed/570.png','/asset/images/570.png','zorua','Zorua',125,1,16,NULL),(571,'gray',5,16,'/asset/imagesHQ/571.png','/asset/thumbnails-compressed/571.png','/asset/images/571.png','zoroark','Zoroark',811,2,16,NULL),(572,'gray',5,4,'/asset/imagesHQ/572.png','/asset/thumbnails-compressed/572.png','/asset/images/572.png','minccino','Chinchidou',58,1,5,NULL),(573,'gray',5,5,'/asset/imagesHQ/573.png','/asset/thumbnails-compressed/573.png','/asset/images/573.png','cinccino','Pashmilla',75,1,5,NULL),(574,'purple',5,4,'/asset/imagesHQ/574.png','/asset/thumbnails-compressed/574.png','/asset/images/574.png','gothita','Scrutella',58,11,11,NULL),(575,'purple',5,7,'/asset/imagesHQ/575.png','/asset/thumbnails-compressed/575.png','/asset/images/575.png','gothorita','Mesmérella',180,11,11,NULL),(576,'purple',5,15,'/asset/imagesHQ/576.png','/asset/thumbnails-compressed/576.png','/asset/images/576.png','gothitelle','Sidérella',440,11,11,NULL),(577,'green',5,3,'/asset/imagesHQ/577.png','/asset/thumbnails-compressed/577.png','/asset/images/577.png','solosis','Nucléos',10,3,11,NULL),(578,'green',5,6,'/asset/imagesHQ/578.png','/asset/thumbnails-compressed/578.png','/asset/images/578.png','duosion','Méios',80,3,11,NULL),(579,'green',5,10,'/asset/imagesHQ/579.png','/asset/thumbnails-compressed/579.png','/asset/images/579.png','reuniclus','Symbios',201,14,11,NULL),(580,'blue',5,5,'/asset/imagesHQ/580.png','/asset/thumbnails-compressed/580.png','/asset/images/580.png','ducklett','Couaneton',55,12,3,18),(581,'white',5,13,'/asset/imagesHQ/581.png','/asset/thumbnails-compressed/581.png','/asset/images/581.png','swanna','Lakmécygne',242,12,3,18),(582,'white',5,4,'/asset/imagesHQ/582.png','/asset/thumbnails-compressed/582.png','/asset/images/582.png','vanillite','Sorbébé',57,10,14,NULL),(583,'white',5,11,'/asset/imagesHQ/583.png','/asset/thumbnails-compressed/583.png','/asset/images/583.png','vanillish','Sorboul',410,10,14,NULL),(584,'white',5,13,'/asset/imagesHQ/584.png','/asset/thumbnails-compressed/584.png','/asset/images/584.png','vanilluxe','Sorbouboul',575,8,14,NULL),(585,'pink',5,6,'/asset/imagesHQ/585.png','/asset/thumbnails-compressed/585.png','/asset/images/585.png','deerling','Vivaldaim',195,1,5,1),(586,'brown',5,19,'/asset/imagesHQ/586.png','/asset/thumbnails-compressed/586.png','/asset/images/586.png','sawsbuck','Haydaim',925,1,5,1),(587,'white',5,4,'/asset/imagesHQ/587.png','/asset/thumbnails-compressed/587.png','/asset/images/587.png','emolga','Emolga',50,1,7,18),(588,'blue',5,5,'/asset/imagesHQ/588.png','/asset/thumbnails-compressed/588.png','/asset/images/588.png','karrablast','Carabing',59,11,4,NULL),(589,'gray',5,10,'/asset/imagesHQ/589.png','/asset/thumbnails-compressed/589.png','/asset/images/589.png','escavalier','Lançargot',330,14,4,17),(590,'white',5,2,'/asset/imagesHQ/590.png','/asset/thumbnails-compressed/590.png','/asset/images/590.png','foongus','Trompignon',10,14,1,6),(591,'white',5,6,'/asset/imagesHQ/591.png','/asset/thumbnails-compressed/591.png','/asset/images/591.png','amoonguss','Gaulet',105,14,1,6),(592,'white',5,12,'/asset/imagesHQ/592.png','/asset/thumbnails-compressed/592.png','/asset/images/592.png','frillish','Viskuse',330,9,3,13),(593,'white',5,22,'/asset/imagesHQ/593.png','/asset/thumbnails-compressed/593.png','/asset/images/593.png','jellicent','Moyade',1350,9,3,13),(594,'pink',5,12,'/asset/imagesHQ/594.png','/asset/thumbnails-compressed/594.png','/asset/images/594.png','alomomola','Mamanbo',316,5,3,NULL),(595,'yellow',5,1,'/asset/imagesHQ/595.png','/asset/thumbnails-compressed/595.png','/asset/images/595.png','joltik','Statitik',6,6,4,7),(596,'yellow',5,8,'/asset/imagesHQ/596.png','/asset/thumbnails-compressed/596.png','/asset/images/596.png','galvantula','Mygavolt',143,6,4,7),(597,'gray',5,6,'/asset/imagesHQ/597.png','/asset/thumbnails-compressed/597.png','/asset/images/597.png','ferroseed','Grindur',188,3,1,17),(598,'gray',5,10,'/asset/imagesHQ/598.png','/asset/thumbnails-compressed/598.png','/asset/images/598.png','ferrothorn','Noacier',1100,9,1,17),(599,'gray',5,3,'/asset/imagesHQ/599.png','/asset/thumbnails-compressed/599.png','/asset/images/599.png','klink','Tic',210,8,17,NULL),(600,'gray',5,6,'/asset/imagesHQ/600.png','/asset/thumbnails-compressed/600.png','/asset/images/600.png','klang','Clic',510,8,17,NULL),(601,'gray',5,6,'/asset/imagesHQ/601.png','/asset/thumbnails-compressed/601.png','/asset/images/601.png','klinklang','Cliticlic',810,8,17,NULL),(602,'white',5,2,'/asset/imagesHQ/602.png','/asset/thumbnails-compressed/602.png','/asset/images/602.png','tynamo','Anchwatt',3,5,7,NULL),(603,'blue',5,12,'/asset/imagesHQ/603.png','/asset/thumbnails-compressed/603.png','/asset/images/603.png','eelektrik','Lampéroie',220,5,7,NULL),(604,'blue',5,21,'/asset/imagesHQ/604.png','/asset/thumbnails-compressed/604.png','/asset/images/604.png','eelektross','Ohmassacre',805,5,7,NULL),(605,'blue',5,5,'/asset/imagesHQ/605.png','/asset/thumbnails-compressed/605.png','/asset/images/605.png','elgyem','Lewsor',90,2,11,NULL),(606,'brown',5,10,'/asset/imagesHQ/606.png','/asset/thumbnails-compressed/606.png','/asset/images/606.png','beheeyem','Neitram',345,11,11,NULL),(607,'white',5,3,'/asset/imagesHQ/607.png','/asset/thumbnails-compressed/607.png','/asset/images/607.png','litwick','Funécire',31,10,13,2),(608,'black',5,6,'/asset/imagesHQ/608.png','/asset/thumbnails-compressed/608.png','/asset/images/608.png','lampent','Mélancolux',130,14,13,2),(609,'black',5,10,'/asset/imagesHQ/609.png','/asset/thumbnails-compressed/609.png','/asset/images/609.png','chandelure','Lugulabre',343,14,13,2),(610,'green',5,6,'/asset/imagesHQ/610.png','/asset/thumbnails-compressed/610.png','/asset/images/610.png','axew','Coupenotte',180,2,15,NULL),(611,'green',5,10,'/asset/imagesHQ/611.png','/asset/thumbnails-compressed/611.png','/asset/images/611.png','fraxure','Incisache',360,2,15,NULL),(612,'yellow',5,18,'/asset/imagesHQ/612.png','/asset/thumbnails-compressed/612.png','/asset/images/612.png','haxorus','Tranchodon',1055,2,15,NULL),(613,'white',5,5,'/asset/imagesHQ/613.png','/asset/thumbnails-compressed/613.png','/asset/images/613.png','cubchoo','Polarhume',85,2,14,NULL),(614,'white',5,26,'/asset/imagesHQ/614.png','/asset/thumbnails-compressed/614.png','/asset/images/614.png','beartic','Polagriffe',2600,1,14,NULL),(615,'blue',5,11,'/asset/imagesHQ/615.png','/asset/thumbnails-compressed/615.png','/asset/images/615.png','cryogonal','Hexagel',1480,3,14,NULL),(616,'red',5,4,'/asset/imagesHQ/616.png','/asset/thumbnails-compressed/616.png','/asset/images/616.png','shelmet','Escargaume',77,3,4,NULL),(617,'red',5,8,'/asset/imagesHQ/617.png','/asset/thumbnails-compressed/617.png','/asset/images/617.png','accelgor','Limaspeed',253,14,4,NULL),(618,'brown',5,7,'/asset/imagesHQ/618.png','/asset/thumbnails-compressed/618.png','/asset/images/618.png','stunfisk','Limonde',110,5,8,7),(619,'yellow',5,9,'/asset/imagesHQ/619.png','/asset/thumbnails-compressed/619.png','/asset/images/619.png','mienfoo','Kungfouine',200,2,10,NULL),(620,'purple',5,14,'/asset/imagesHQ/620.png','/asset/thumbnails-compressed/620.png','/asset/images/620.png','mienshao','Shaofouine',355,2,10,NULL),(621,'red',5,16,'/asset/imagesHQ/621.png','/asset/thumbnails-compressed/621.png','/asset/images/621.png','druddigon','Drakkarmin',1390,2,15,NULL),(622,'green',5,10,'/asset/imagesHQ/622.png','/asset/thumbnails-compressed/622.png','/asset/images/622.png','golett','Gringolem',920,11,8,13),(623,'green',5,28,'/asset/imagesHQ/623.png','/asset/thumbnails-compressed/623.png','/asset/images/623.png','golurk','Golemastoc',3300,11,8,13),(624,'red',5,5,'/asset/imagesHQ/624.png','/asset/thumbnails-compressed/624.png','/asset/images/624.png','pawniard','Scalpion',102,11,16,17),(625,'red',5,16,'/asset/imagesHQ/625.png','/asset/thumbnails-compressed/625.png','/asset/images/625.png','bisharp','Scalproie',700,11,16,17),(626,'brown',5,16,'/asset/imagesHQ/626.png','/asset/thumbnails-compressed/626.png','/asset/images/626.png','bouffalant','Frison',946,1,5,NULL),(627,'white',5,5,'/asset/imagesHQ/627.png','/asset/thumbnails-compressed/627.png','/asset/images/627.png','rufflet','Furaiglon',105,12,5,18),(628,'red',5,15,'/asset/imagesHQ/628.png','/asset/thumbnails-compressed/628.png','/asset/images/628.png','braviary','Gueriaigle',410,12,5,18),(629,'brown',5,5,'/asset/imagesHQ/629.png','/asset/thumbnails-compressed/629.png','/asset/images/629.png','vullaby','Vostourno',90,12,16,18),(630,'brown',5,12,'/asset/imagesHQ/630.png','/asset/thumbnails-compressed/630.png','/asset/images/630.png','mandibuzz','Vaututrice',395,12,16,18),(631,'red',5,14,'/asset/imagesHQ/631.png','/asset/thumbnails-compressed/631.png','/asset/images/631.png','heatmor','Aflamanoir',580,2,2,NULL),(632,'gray',5,3,'/asset/imagesHQ/632.png','/asset/thumbnails-compressed/632.png','/asset/images/632.png','durant','Fermite',330,6,4,17),(633,'blue',5,8,'/asset/imagesHQ/633.png','/asset/thumbnails-compressed/633.png','/asset/images/633.png','deino','Solochi',173,1,16,15),(634,'blue',5,14,'/asset/imagesHQ/634.png','/asset/thumbnails-compressed/634.png','/asset/images/634.png','zweilous','Diamat',500,1,16,15),(635,'blue',5,18,'/asset/imagesHQ/635.png','/asset/thumbnails-compressed/635.png','/asset/images/635.png','hydreigon','Trioxhydre',1600,2,16,15),(636,'white',5,11,'/asset/imagesHQ/636.png','/asset/thumbnails-compressed/636.png','/asset/images/636.png','larvesta','Pyronille',288,6,4,2),(637,'white',5,16,'/asset/imagesHQ/637.png','/asset/thumbnails-compressed/637.png','/asset/images/637.png','volcarona','Pyrax',460,7,4,2),(638,'blue',5,21,'/asset/imagesHQ/638.png','/asset/thumbnails-compressed/638.png','/asset/images/638.png','cobalion','Cobaltium',2500,1,17,10),(639,'gray',5,19,'/asset/imagesHQ/639.png','/asset/thumbnails-compressed/639.png','/asset/images/639.png','terrakion','Terrakium',2600,1,12,10),(640,'green',5,20,'/asset/imagesHQ/640.png','/asset/thumbnails-compressed/640.png','/asset/images/640.png','virizion','Viridium',2000,1,1,10),(641,'green',5,15,'/asset/imagesHQ/641.png','/asset/thumbnails-compressed/641.png','/asset/images/641.png','tornadus','Boréas',630,14,18,NULL),(642,'blue',5,15,'/asset/imagesHQ/642.png','/asset/thumbnails-compressed/642.png','/asset/images/642.png','thundurus','Fulguris',610,14,7,18),(643,'white',5,32,'/asset/imagesHQ/643.png','/asset/thumbnails-compressed/643.png','/asset/images/643.png','reshiram','Reshiram',3300,12,15,2),(644,'black',5,29,'/asset/imagesHQ/644.png','/asset/thumbnails-compressed/644.png','/asset/images/644.png','zekrom','Zekrom',3450,2,15,7),(645,'brown',5,15,'/asset/imagesHQ/645.png','/asset/thumbnails-compressed/645.png','/asset/images/645.png','landorus','Démétéros',680,14,8,18),(646,'gray',5,30,'/asset/imagesHQ/646.png','/asset/thumbnails-compressed/646.png','/asset/images/646.png','kyurem','Kyurem',3250,2,15,14),(647,'yellow',5,14,'/asset/imagesHQ/647.png','/asset/thumbnails-compressed/647.png','/asset/images/647.png','keldeo','Keldeo',485,1,3,10),(648,'white',5,6,'/asset/imagesHQ/648.png','/asset/thumbnails-compressed/648.png','/asset/images/648.png','meloetta','Meloetta',65,11,5,11),(649,'purple',5,15,'/asset/imagesHQ/649.png','/asset/thumbnails-compressed/649.png','/asset/images/649.png','genesect','Genesect',825,11,4,17),(650,'green',6,4,'/asset/imagesHQ/650.png','/asset/thumbnails-compressed/650.png','/asset/images/650.png','chespin','Marisson',90,2,1,NULL),(651,'green',6,7,'/asset/imagesHQ/651.png','/asset/thumbnails-compressed/651.png','/asset/images/651.png','quilladin','Boguérisse',290,2,1,NULL),(652,'green',6,16,'/asset/imagesHQ/652.png','/asset/thumbnails-compressed/652.png','/asset/images/652.png','chesnaught','Blindépique',900,2,1,10),(653,'red',6,4,'/asset/imagesHQ/653.png','/asset/thumbnails-compressed/653.png','/asset/images/653.png','fennekin','Feunnec',94,1,2,NULL),(654,'red',6,10,'/asset/imagesHQ/654.png','/asset/thumbnails-compressed/654.png','/asset/images/654.png','braixen','Roussil',145,2,2,NULL),(655,'red',6,15,'/asset/imagesHQ/655.png','/asset/thumbnails-compressed/655.png','/asset/images/655.png','delphox','Goupelin',390,2,2,11),(656,'blue',6,3,'/asset/imagesHQ/656.png','/asset/thumbnails-compressed/656.png','/asset/images/656.png','froakie','Grenousse',70,1,3,NULL),(657,'blue',6,6,'/asset/imagesHQ/657.png','/asset/thumbnails-compressed/657.png','/asset/images/657.png','frogadier','Croâporal',109,11,3,NULL),(658,'blue',6,15,'/asset/imagesHQ/658.png','/asset/thumbnails-compressed/658.png','/asset/images/658.png','greninja','Amphinobi',400,11,3,16),(659,'brown',6,4,'/asset/imagesHQ/659.png','/asset/thumbnails-compressed/659.png','/asset/images/659.png','bunnelby','Sapereau',50,2,5,NULL),(660,'brown',6,10,'/asset/imagesHQ/660.png','/asset/thumbnails-compressed/660.png','/asset/images/660.png','diggersby','Excavarenne',424,2,5,8),(661,'red',6,3,'/asset/imagesHQ/661.png','/asset/thumbnails-compressed/661.png','/asset/images/661.png','fletchling','Passerouge',17,12,5,18),(662,'red',6,7,'/asset/imagesHQ/662.png','/asset/thumbnails-compressed/662.png','/asset/images/662.png','fletchinder','Braisillon',160,12,2,18),(663,'red',6,12,'/asset/imagesHQ/663.png','/asset/thumbnails-compressed/663.png','/asset/images/663.png','talonflame','Flambusard',245,12,2,18),(664,'black',6,3,'/asset/imagesHQ/664.png','/asset/thumbnails-compressed/664.png','/asset/images/664.png','scatterbug','Lépidonille',25,6,4,NULL),(665,'black',6,3,'/asset/imagesHQ/665.png','/asset/thumbnails-compressed/665.png','/asset/images/665.png','spewpa','Pérégrain',84,10,4,NULL),(666,'white',6,12,'/asset/imagesHQ/666.png','/asset/thumbnails-compressed/666.png','/asset/images/666.png','vivillon','Prismillon',170,7,4,18),(667,'brown',6,6,'/asset/imagesHQ/667.png','/asset/thumbnails-compressed/667.png','/asset/images/667.png','litleo','Hélionceau',135,1,2,5),(668,'brown',6,15,'/asset/imagesHQ/668.png','/asset/thumbnails-compressed/668.png','/asset/images/668.png','pyroar','Némélios',815,1,2,5),(669,'white',6,1,'/asset/imagesHQ/669.png','/asset/thumbnails-compressed/669.png','/asset/images/669.png','flabebe','Flabébé',1,14,9,NULL),(670,'white',6,2,'/asset/imagesHQ/670.png','/asset/thumbnails-compressed/670.png','/asset/images/670.png','floette','Floette',9,14,9,NULL),(671,'white',6,11,'/asset/imagesHQ/671.png','/asset/thumbnails-compressed/671.png','/asset/images/671.png','florges','Florges',100,14,9,NULL),(672,'brown',6,9,'/asset/imagesHQ/672.png','/asset/thumbnails-compressed/672.png','/asset/images/672.png','skiddo','Cabriolaine',310,1,1,NULL),(673,'brown',6,17,'/asset/imagesHQ/673.png','/asset/thumbnails-compressed/673.png','/asset/images/673.png','gogoat','Chevroum',910,1,1,NULL),(674,'white',6,6,'/asset/imagesHQ/674.png','/asset/thumbnails-compressed/674.png','/asset/images/674.png','pancham','Pandespiègle',80,2,10,NULL),(675,'white',6,21,'/asset/imagesHQ/675.png','/asset/thumbnails-compressed/675.png','/asset/images/675.png','pangoro','Pandarbare',1360,11,10,16),(676,'white',6,12,'/asset/imagesHQ/676.png','/asset/thumbnails-compressed/676.png','/asset/images/676.png','furfrou','Couafarel',280,1,5,NULL),(677,'gray',6,3,'/asset/imagesHQ/677.png','/asset/thumbnails-compressed/677.png','/asset/images/677.png','espurr','Psystigri',35,2,11,NULL),(678,'blue',6,6,'/asset/imagesHQ/678.png','/asset/thumbnails-compressed/678.png','/asset/images/678.png','meowstic','Mistigrix',85,2,11,NULL),(679,'brown',6,8,'/asset/imagesHQ/679.png','/asset/thumbnails-compressed/679.png','/asset/images/679.png','honedge','Monorpale',20,10,17,13),(680,'brown',6,8,'/asset/imagesHQ/680.png','/asset/thumbnails-compressed/680.png','/asset/images/680.png','doublade','Dimoclès',45,8,17,13),(681,'brown',6,17,'/asset/imagesHQ/681.png','/asset/thumbnails-compressed/681.png','/asset/images/681.png','aegislash','Exagide',530,10,17,13),(682,'pink',6,2,'/asset/imagesHQ/682.png','/asset/thumbnails-compressed/682.png','/asset/images/682.png','spritzee','Fluvetin',5,14,9,NULL),(683,'pink',6,8,'/asset/imagesHQ/683.png','/asset/thumbnails-compressed/683.png','/asset/images/683.png','aromatisse','Cocotine',155,11,9,NULL),(684,'white',6,4,'/asset/imagesHQ/684.png','/asset/thumbnails-compressed/684.png','/asset/images/684.png','swirlix','Sucroquin',35,4,9,NULL),(685,'white',6,8,'/asset/imagesHQ/685.png','/asset/thumbnails-compressed/685.png','/asset/images/685.png','slurpuff','Cupcanaille',50,11,9,NULL),(686,'blue',6,4,'/asset/imagesHQ/686.png','/asset/thumbnails-compressed/686.png','/asset/images/686.png','inkay','Sepiatop',35,9,16,11),(687,'blue',6,15,'/asset/imagesHQ/687.png','/asset/thumbnails-compressed/687.png','/asset/images/687.png','malamar','Sepiatroce',470,10,16,11),(688,'brown',6,5,'/asset/imagesHQ/688.png','/asset/thumbnails-compressed/688.png','/asset/images/688.png','binacle','Opermine',310,8,12,3),(689,'brown',6,13,'/asset/imagesHQ/689.png','/asset/thumbnails-compressed/689.png','/asset/images/689.png','barbaracle','Golgopathe',960,8,12,3),(690,'brown',6,5,'/asset/imagesHQ/690.png','/asset/thumbnails-compressed/690.png','/asset/images/690.png','skrelp','Venalgue',73,10,6,3),(691,'brown',6,18,'/asset/imagesHQ/691.png','/asset/thumbnails-compressed/691.png','/asset/images/691.png','dragalge','Kravarech',815,10,6,15),(692,'blue',6,5,'/asset/imagesHQ/692.png','/asset/thumbnails-compressed/692.png','/asset/images/692.png','clauncher','Flingouste',83,6,3,NULL),(693,'blue',6,13,'/asset/imagesHQ/693.png','/asset/thumbnails-compressed/693.png','/asset/images/693.png','clawitzer','Gamblast',353,13,3,NULL),(694,'yellow',6,5,'/asset/imagesHQ/694.png','/asset/thumbnails-compressed/694.png','/asset/images/694.png','helioptile','Galvaran',60,2,7,5),(695,'yellow',6,10,'/asset/imagesHQ/695.png','/asset/thumbnails-compressed/695.png','/asset/images/695.png','heliolisk','Iguolta',210,2,7,5),(696,'brown',6,8,'/asset/imagesHQ/696.png','/asset/thumbnails-compressed/696.png','/asset/images/696.png','tyrunt','Ptyranidur',260,2,12,15),(697,'red',6,25,'/asset/imagesHQ/697.png','/asset/thumbnails-compressed/697.png','/asset/images/697.png','tyrantrum','Rexillius',2700,2,12,15),(698,'blue',6,13,'/asset/imagesHQ/698.png','/asset/thumbnails-compressed/698.png','/asset/images/698.png','amaura','Amagara',252,1,12,14),(699,'blue',6,27,'/asset/imagesHQ/699.png','/asset/thumbnails-compressed/699.png','/asset/images/699.png','aurorus','Dragmara',2250,1,12,14),(700,'pink',6,10,'/asset/imagesHQ/700.png','/asset/thumbnails-compressed/700.png','/asset/images/700.png','sylveon','Nymphali',235,1,9,NULL),(701,'green',6,8,'/asset/imagesHQ/701.png','/asset/thumbnails-compressed/701.png','/asset/images/701.png','hawlucha','Brutalibré',215,11,10,18),(702,'yellow',6,2,'/asset/imagesHQ/702.png','/asset/thumbnails-compressed/702.png','/asset/images/702.png','dedenne','Dedenne',22,2,7,9),(703,'gray',6,3,'/asset/imagesHQ/703.png','/asset/thumbnails-compressed/703.png','/asset/images/703.png','carbink','Strassie',57,3,12,9),(704,'purple',6,3,'/asset/imagesHQ/704.png','/asset/thumbnails-compressed/704.png','/asset/images/704.png','goomy','Mucuscule',28,13,15,NULL),(705,'purple',6,8,'/asset/imagesHQ/705.png','/asset/thumbnails-compressed/705.png','/asset/images/705.png','sliggoo','Colimucus',175,13,15,NULL),(706,'purple',6,20,'/asset/imagesHQ/706.png','/asset/thumbnails-compressed/706.png','/asset/images/706.png','goodra','Muplodocus',1505,2,15,NULL),(707,'gray',6,2,'/asset/imagesHQ/707.png','/asset/thumbnails-compressed/707.png','/asset/images/707.png','klefki','Trousselin',30,3,17,9),(708,'brown',6,4,'/asset/imagesHQ/708.png','/asset/thumbnails-compressed/708.png','/asset/images/708.png','phantump','Brocélôme',70,14,13,1),(709,'brown',6,15,'/asset/imagesHQ/709.png','/asset/thumbnails-compressed/709.png','/asset/images/709.png','trevenant','Desséliande',710,9,13,1),(710,'brown',6,4,'/asset/imagesHQ/710.png','/asset/thumbnails-compressed/710.png','/asset/images/710.png','pumpkaboo','Pitrouille',50,3,13,1),(711,'brown',6,9,'/asset/imagesHQ/711.png','/asset/thumbnails-compressed/711.png','/asset/images/711.png','gourgeist','Banshitrouye',125,10,13,1),(712,'blue',6,10,'/asset/imagesHQ/712.png','/asset/thumbnails-compressed/712.png','/asset/images/712.png','bergmite','Grelaçon',995,1,14,NULL),(713,'blue',6,20,'/asset/imagesHQ/713.png','/asset/thumbnails-compressed/713.png','/asset/images/713.png','avalugg','Séracrawl',5050,1,14,NULL),(714,'purple',6,5,'/asset/imagesHQ/714.png','/asset/thumbnails-compressed/714.png','/asset/images/714.png','noibat','Sonistrelle',80,12,18,15),(715,'purple',6,15,'/asset/imagesHQ/715.png','/asset/thumbnails-compressed/715.png','/asset/images/715.png','noivern','Bruyverne',850,12,18,15),(716,'blue',6,30,'/asset/imagesHQ/716.png','/asset/thumbnails-compressed/716.png','/asset/images/716.png','xerneas','Xerneas',2150,1,9,NULL),(717,'red',6,58,'/asset/imagesHQ/717.png','/asset/thumbnails-compressed/717.png','/asset/images/717.png','yveltal','Yveltal',2030,12,16,18),(718,'green',6,50,'/asset/imagesHQ/718.png','/asset/thumbnails-compressed/718.png','/asset/images/718.png','zygarde','Zygarde',3050,13,15,8),(719,'pink',6,7,'/asset/imagesHQ/719.png','/asset/thumbnails-compressed/719.png','/asset/images/719.png','diancie','Diancie',88,14,12,9),(720,'purple',6,5,'/asset/imagesHQ/720.png','/asset/thumbnails-compressed/720.png','/asset/images/720.png','hoopa','Hoopa',90,14,11,13),(721,'brown',6,17,'/asset/imagesHQ/721.png','/asset/thumbnails-compressed/721.png','/asset/images/721.png','volcanion','Volcanion',1950,1,2,3),(722,'brown',7,3,'/asset/imagesHQ/722.png','/asset/thumbnails-compressed/722.png','/asset/images/722.png','rowlet','Brindibou',15,12,1,18),(723,'brown',7,7,'/asset/imagesHQ/723.png','/asset/thumbnails-compressed/723.png','/asset/images/723.png','dartrix','Efflèche',160,12,1,18),(724,'brown',7,16,'/asset/imagesHQ/724.png','/asset/thumbnails-compressed/724.png','/asset/images/724.png','decidueye','Archéduc',366,12,1,13),(725,'red',7,4,'/asset/imagesHQ/725.png','/asset/thumbnails-compressed/725.png','/asset/images/725.png','litten','Flamiaou',43,1,2,NULL),(726,'red',7,7,'/asset/imagesHQ/726.png','/asset/thumbnails-compressed/726.png','/asset/images/726.png','torracat','Matoufeu',250,1,2,NULL),(727,'red',7,18,'/asset/imagesHQ/727.png','/asset/thumbnails-compressed/727.png','/asset/images/727.png','incineroar','Félinferno',830,2,2,16),(728,'blue',7,4,'/asset/imagesHQ/728.png','/asset/thumbnails-compressed/728.png','/asset/images/728.png','popplio','Otaquin',75,5,3,NULL),(729,'blue',7,6,'/asset/imagesHQ/729.png','/asset/thumbnails-compressed/729.png','/asset/images/729.png','brionne','Otarlette',175,5,3,NULL),(730,'blue',7,18,'/asset/imagesHQ/730.png','/asset/thumbnails-compressed/730.png','/asset/images/730.png','primarina','Oratoria',440,5,3,9),(731,'black',7,3,'/asset/imagesHQ/731.png','/asset/thumbnails-compressed/731.png','/asset/images/731.png','pikipek','Picassaut',12,12,5,18),(732,'black',7,6,'/asset/imagesHQ/732.png','/asset/thumbnails-compressed/732.png','/asset/images/732.png','trumbeak','Piclairon',148,12,5,18),(733,'black',7,11,'/asset/imagesHQ/733.png','/asset/thumbnails-compressed/733.png','/asset/images/733.png','toucannon','Bazoucan',260,12,5,18),(734,'brown',7,4,'/asset/imagesHQ/734.png','/asset/thumbnails-compressed/734.png','/asset/images/734.png','yungoos','Manglouton',60,1,5,NULL),(735,'brown',7,7,'/asset/imagesHQ/735.png','/asset/thumbnails-compressed/735.png','/asset/images/735.png','gumshoos','Argouste',142,1,5,NULL),(736,'gray',7,4,'/asset/imagesHQ/736.png','/asset/thumbnails-compressed/736.png','/asset/images/736.png','grubbin','Larvibule',44,6,4,NULL),(737,'green',7,5,'/asset/imagesHQ/737.png','/asset/thumbnails-compressed/737.png','/asset/images/737.png','charjabug','Chrysapile',105,13,4,7),(738,'blue',7,15,'/asset/imagesHQ/738.png','/asset/thumbnails-compressed/738.png','/asset/images/738.png','vikavolt','Lucanon',450,6,4,7),(739,'purple',7,6,'/asset/imagesHQ/739.png','/asset/thumbnails-compressed/739.png','/asset/images/739.png','crabrawler','Crabagarre',70,6,10,NULL),(740,'white',7,17,'/asset/imagesHQ/740.png','/asset/thumbnails-compressed/740.png','/asset/images/740.png','crabominable','Crabominable',1800,6,10,14),(741,'red',7,6,'/asset/imagesHQ/741.png','/asset/thumbnails-compressed/741.png','/asset/images/741.png','oricorio','Plumeline',34,12,2,18),(742,'yellow',7,1,'/asset/imagesHQ/742.png','/asset/thumbnails-compressed/742.png','/asset/images/742.png','cutiefly','Bombydou',2,6,4,9),(743,'yellow',7,2,'/asset/imagesHQ/743.png','/asset/thumbnails-compressed/743.png','/asset/images/743.png','ribombee','Rubombelle',5,7,4,9),(744,'brown',7,5,'/asset/imagesHQ/744.png','/asset/thumbnails-compressed/744.png','/asset/images/744.png','rockruff','Rocabot',92,1,12,NULL),(745,'brown',7,8,'/asset/imagesHQ/745.png','/asset/thumbnails-compressed/745.png','/asset/images/745.png','lycanroc','Lougaroc',250,1,12,NULL),(746,'blue',7,2,'/asset/imagesHQ/746.png','/asset/thumbnails-compressed/746.png','/asset/images/746.png','wishiwashi','Froussardine',3,5,3,NULL),(747,'blue',7,4,'/asset/imagesHQ/747.png','/asset/thumbnails-compressed/747.png','/asset/images/747.png','mareanie','Vorastérie',80,10,6,3),(748,'blue',7,7,'/asset/imagesHQ/748.png','/asset/thumbnails-compressed/748.png','/asset/images/748.png','toxapex','Prédastérie',145,9,6,3),(749,'brown',7,10,'/asset/imagesHQ/749.png','/asset/thumbnails-compressed/749.png','/asset/images/749.png','mudbray','Tiboudet',1100,1,8,NULL),(750,'brown',7,25,'/asset/imagesHQ/750.png','/asset/thumbnails-compressed/750.png','/asset/images/750.png','mudsdale','Bourrinos',9200,1,8,NULL),(751,'green',7,3,'/asset/imagesHQ/751.png','/asset/thumbnails-compressed/751.png','/asset/images/751.png','dewpider','Araqua',40,4,3,4),(752,'green',7,18,'/asset/imagesHQ/752.png','/asset/thumbnails-compressed/752.png','/asset/images/752.png','araquanid','Tarenbulle',820,6,3,4),(753,'pink',7,3,'/asset/imagesHQ/753.png','/asset/thumbnails-compressed/753.png','/asset/images/753.png','fomantis','Mimantis',15,2,1,NULL),(754,'pink',7,9,'/asset/imagesHQ/754.png','/asset/thumbnails-compressed/754.png','/asset/images/754.png','lurantis','Floramantis',185,11,1,NULL),(755,'purple',7,2,'/asset/imagesHQ/755.png','/asset/thumbnails-compressed/755.png','/asset/images/755.png','morelull','Spododo',15,10,1,9),(756,'purple',7,10,'/asset/imagesHQ/756.png','/asset/thumbnails-compressed/756.png','/asset/images/756.png','shiinotic','Lampignon',115,11,1,9),(757,'black',7,6,'/asset/imagesHQ/757.png','/asset/thumbnails-compressed/757.png','/asset/images/757.png','salandit','Tritox',48,1,6,2),(758,'black',7,12,'/asset/imagesHQ/758.png','/asset/thumbnails-compressed/758.png','/asset/images/758.png','salazzle','Malamandre',222,1,6,2),(759,'pink',7,5,'/asset/imagesHQ/759.png','/asset/thumbnails-compressed/759.png','/asset/images/759.png','stufful','Nounourson',68,1,5,10),(760,'pink',7,21,'/asset/imagesHQ/760.png','/asset/thumbnails-compressed/760.png','/asset/images/760.png','bewear','Chelours',1350,2,5,10),(761,'purple',7,3,'/asset/imagesHQ/761.png','/asset/thumbnails-compressed/761.png','/asset/images/761.png','bounsweet','Croquine',32,4,1,NULL),(762,'purple',7,7,'/asset/imagesHQ/762.png','/asset/thumbnails-compressed/762.png','/asset/images/762.png','steenee','甜舞妮',82,11,1,NULL),(763,'purple',7,12,'/asset/imagesHQ/763.png','/asset/thumbnails-compressed/763.png','/asset/images/763.png','tsareena','Sucreine',214,11,1,NULL),(764,'green',7,1,'/asset/imagesHQ/764.png','/asset/thumbnails-compressed/764.png','/asset/images/764.png','comfey','Guérilande',3,3,9,NULL),(765,'white',7,15,'/asset/imagesHQ/765.png','/asset/thumbnails-compressed/765.png','/asset/images/765.png','oranguru','Gouroutan',760,11,5,11),(766,'white',7,20,'/asset/imagesHQ/766.png','/asset/thumbnails-compressed/766.png','/asset/images/766.png','passimian','Quartermac',828,2,10,NULL),(767,'gray',7,5,'/asset/imagesHQ/767.png','/asset/thumbnails-compressed/767.png','/asset/images/767.png','wimpod','Sovkipou',120,9,4,3),(768,'gray',7,20,'/asset/imagesHQ/768.png','/asset/thumbnails-compressed/768.png','/asset/images/768.png','golisopod','Sarmuraï',1080,11,4,3),(769,'brown',7,5,'/asset/imagesHQ/769.png','/asset/thumbnails-compressed/769.png','/asset/images/769.png','sandygast','Bacabouh',700,13,13,8),(770,'brown',7,13,'/asset/imagesHQ/770.png','/asset/thumbnails-compressed/770.png','/asset/images/770.png','palossand','Trépassable',2500,13,13,8),(771,'black',7,3,'/asset/imagesHQ/771.png','/asset/thumbnails-compressed/771.png','/asset/images/771.png','pyukumuku','Concombaffe',12,13,3,NULL),(772,'gray',7,19,'/asset/imagesHQ/772.png','/asset/thumbnails-compressed/772.png','/asset/images/772.png','type-null','Type:0',1205,1,5,NULL),(773,'gray',7,23,'/asset/imagesHQ/773.png','/asset/thumbnails-compressed/773.png','/asset/images/773.png','silvally','Silvallié',1005,1,5,NULL),(774,'brown',7,3,'/asset/imagesHQ/774.png','/asset/thumbnails-compressed/774.png','/asset/images/774.png','minior','Météno',400,3,12,18),(775,'blue',7,4,'/asset/imagesHQ/775.png','/asset/thumbnails-compressed/775.png','/asset/images/775.png','komala','Dodoala',199,11,5,NULL),(776,'red',7,20,'/asset/imagesHQ/776.png','/asset/thumbnails-compressed/776.png','/asset/images/776.png','turtonator','Boumata',2120,2,2,15),(777,'gray',7,3,'/asset/imagesHQ/777.png','/asset/thumbnails-compressed/777.png','/asset/images/777.png','togedemaru','Togedemaru',33,2,7,17),(778,'yellow',7,2,'/asset/imagesHQ/778.png','/asset/thumbnails-compressed/778.png','/asset/images/778.png','mimikyu','Mimiqui',7,13,13,9),(779,'pink',7,9,'/asset/imagesHQ/779.png','/asset/thumbnails-compressed/779.png','/asset/images/779.png','bruxish','Denticrisse',190,5,3,11),(780,'white',7,30,'/asset/imagesHQ/780.png','/asset/thumbnails-compressed/780.png','/asset/images/780.png','drampa','Draïeul',1850,13,5,15),(781,'green',7,39,'/asset/imagesHQ/781.png','/asset/thumbnails-compressed/781.png','/asset/images/781.png','dhelmise','Sinistrail',2100,10,13,1),(782,'gray',7,6,'/asset/imagesHQ/782.png','/asset/thumbnails-compressed/782.png','/asset/images/782.png','jangmo-o','Bébécaille',297,1,15,NULL),(783,'gray',7,12,'/asset/imagesHQ/783.png','/asset/thumbnails-compressed/783.png','/asset/images/783.png','hakamo-o','Écaïd',470,2,15,10),(784,'gray',7,16,'/asset/imagesHQ/784.png','/asset/thumbnails-compressed/784.png','/asset/images/784.png','kommo-o','Ékaïser',782,2,15,10),(785,'yellow',7,18,'/asset/imagesHQ/785.png','/asset/thumbnails-compressed/785.png','/asset/images/785.png','tapu-koko','Tokorico',205,14,7,9),(786,'pink',7,12,'/asset/imagesHQ/786.png','/asset/thumbnails-compressed/786.png','/asset/images/786.png','tapu-lele','Tokopiyon',186,14,11,9),(787,'red',7,19,'/asset/imagesHQ/787.png','/asset/thumbnails-compressed/787.png','/asset/images/787.png','tapu-bulu','Tokotoro',455,14,1,9),(788,'purple',7,13,'/asset/imagesHQ/788.png','/asset/thumbnails-compressed/788.png','/asset/images/788.png','tapu-fini','Tokopisco',212,14,3,9),(789,'blue',7,2,'/asset/imagesHQ/789.png','/asset/thumbnails-compressed/789.png','/asset/images/789.png','cosmog','Cosmog',1,3,11,NULL),(790,'blue',7,1,'/asset/imagesHQ/790.png','/asset/thumbnails-compressed/790.png','/asset/images/790.png','cosmoem','Cosmovum',9999,3,11,NULL),(791,'white',7,34,'/asset/imagesHQ/791.png','/asset/thumbnails-compressed/791.png','/asset/images/791.png','solgaleo','Solgaleo',2300,1,11,17),(792,'purple',7,40,'/asset/imagesHQ/792.png','/asset/thumbnails-compressed/792.png','/asset/images/792.png','lunala','Lunala',1200,12,11,13),(793,'white',7,12,'/asset/imagesHQ/793.png','/asset/thumbnails-compressed/793.png','/asset/images/793.png','nihilego','Zéroïd',555,9,12,6),(794,'red',7,24,'/asset/imagesHQ/794.png','/asset/thumbnails-compressed/794.png','/asset/images/794.png','buzzwole','Mouscoto',3336,9,4,10),(795,'white',7,18,'/asset/imagesHQ/795.png','/asset/thumbnails-compressed/795.png','/asset/images/795.png','pheromosa','Cancrelove',250,11,4,10),(796,'black',7,38,'/asset/imagesHQ/796.png','/asset/thumbnails-compressed/796.png','/asset/images/796.png','xurkitree','Câblifère',1000,2,7,NULL),(797,'green',7,92,'/asset/imagesHQ/797.png','/asset/thumbnails-compressed/797.png','/asset/images/797.png','celesteela','Bamboiselle',9999,11,17,18),(798,'white',7,3,'/asset/imagesHQ/798.png','/asset/thumbnails-compressed/798.png','/asset/images/798.png','kartana','Katagami',1,11,1,17),(799,'black',7,55,'/asset/imagesHQ/799.png','/asset/thumbnails-compressed/799.png','/asset/images/799.png','guzzlord','Engloutyran',8880,2,16,15),(800,'black',7,24,'/asset/imagesHQ/800.png','/asset/thumbnails-compressed/800.png','/asset/images/800.png','necrozma','Necrozma',2300,14,11,NULL),(801,'gray',7,10,'/asset/imagesHQ/801.png','/asset/thumbnails-compressed/801.png','/asset/images/801.png','magearna','Magearna',805,11,17,9),(802,'gray',7,7,'/asset/imagesHQ/802.png','/asset/thumbnails-compressed/802.png','/asset/images/802.png','marshadow','Marshadow',222,11,10,13),(803,'purple',7,6,'/asset/imagesHQ/803.png','/asset/thumbnails-compressed/803.png','/asset/images/803.png','poipole','Vémini',18,2,6,NULL),(804,'purple',7,36,'/asset/imagesHQ/804.png','/asset/thumbnails-compressed/804.png','/asset/images/804.png','naganadel','Mandrillon',1500,12,6,15),(805,'gray',7,55,'/asset/imagesHQ/805.png','/asset/thumbnails-compressed/805.png','/asset/images/805.png','stakataka','Ama-Ama',8200,1,12,17),(806,'white',7,18,'/asset/imagesHQ/806.png','/asset/thumbnails-compressed/806.png','/asset/images/806.png','blacephalon','Pierroteknik',130,11,2,13),(807,'yellow',7,15,'/asset/imagesHQ/807.png','/asset/thumbnails-compressed/807.png','/asset/images/807.png','zeraora','Zeraora',445,11,7,NULL),(808,'gray',7,2,'/asset/imagesHQ/808.png','/asset/thumbnails-compressed/808.png','/asset/images/808.png','meltan','Meltan',80,3,17,NULL),(809,'gray',7,25,'/asset/imagesHQ/809.png','/asset/thumbnails-compressed/809.png','/asset/images/809.png','melmetal','Melmetal',8000,11,17,NULL),(810,'green',8,3,'/asset/imagesHQ/810.png','/asset/thumbnails-compressed/810.png','/asset/images/810.png','grookey','Ouistempo',50,2,1,NULL),(811,'green',8,7,'/asset/imagesHQ/811.png','/asset/thumbnails-compressed/811.png','/asset/images/811.png','thwackey','Badabouin',140,2,1,NULL),(812,'green',8,21,'/asset/imagesHQ/812.png','/asset/thumbnails-compressed/812.png','/asset/images/812.png','rillaboom','Gorythmic',900,11,1,NULL),(813,'white',8,3,'/asset/imagesHQ/813.png','/asset/thumbnails-compressed/813.png','/asset/images/813.png','scorbunny','Flambino',45,2,2,NULL),(814,'gray',8,6,'/asset/imagesHQ/814.png','/asset/thumbnails-compressed/814.png','/asset/images/814.png','raboot','Lapyro',90,2,2,NULL),(815,'white',8,14,'/asset/imagesHQ/815.png','/asset/thumbnails-compressed/815.png','/asset/images/815.png','cinderace','Pyrobut',330,2,2,NULL),(816,'blue',8,3,'/asset/imagesHQ/816.png','/asset/thumbnails-compressed/816.png','/asset/images/816.png','sobble','Larméléon',40,1,3,NULL),(817,'blue',8,7,'/asset/imagesHQ/817.png','/asset/thumbnails-compressed/817.png','/asset/images/817.png','drizzile','Arrozard',115,2,3,NULL),(818,'blue',8,19,'/asset/imagesHQ/818.png','/asset/thumbnails-compressed/818.png','/asset/images/818.png','inteleon','Lézargus',452,2,3,NULL),(819,'brown',8,3,'/asset/imagesHQ/819.png','/asset/thumbnails-compressed/819.png','/asset/images/819.png','skwovet','Rongourmand',25,2,5,NULL),(820,'brown',8,6,'/asset/imagesHQ/820.png','/asset/thumbnails-compressed/820.png','/asset/images/820.png','greedent','Rongrigou',60,2,5,NULL),(821,'blue',8,2,'/asset/imagesHQ/821.png','/asset/thumbnails-compressed/821.png','/asset/images/821.png','rookidee','Minisange',18,12,18,NULL),(822,'blue',8,8,'/asset/imagesHQ/822.png','/asset/thumbnails-compressed/822.png','/asset/images/822.png','corvisquire','Bleuseille',160,12,18,NULL),(823,'purple',8,22,'/asset/imagesHQ/823.png','/asset/thumbnails-compressed/823.png','/asset/images/823.png','corviknight','Corvaillus',750,12,18,17),(824,'blue',8,4,'/asset/imagesHQ/824.png','/asset/thumbnails-compressed/824.png','/asset/images/824.png','blipbug','Larvadar',80,6,4,NULL),(825,'yellow',8,4,'/asset/imagesHQ/825.png','/asset/thumbnails-compressed/825.png','/asset/images/825.png','dottler','Coléodôme',195,6,4,11),(826,'red',8,4,'/asset/imagesHQ/826.png','/asset/thumbnails-compressed/826.png','/asset/images/826.png','orbeetle','Astronelle',408,12,4,11),(827,'brown',8,6,'/asset/imagesHQ/827.png','/asset/thumbnails-compressed/827.png','/asset/images/827.png','nickit','Goupilou',89,1,16,NULL),(828,'brown',8,12,'/asset/imagesHQ/828.png','/asset/thumbnails-compressed/828.png','/asset/images/828.png','thievul','Roublenard',199,1,16,NULL),(829,'green',8,4,'/asset/imagesHQ/829.png','/asset/thumbnails-compressed/829.png','/asset/images/829.png','gossifleur','Tournicoton',22,10,1,NULL),(830,'green',8,5,'/asset/imagesHQ/830.png','/asset/thumbnails-compressed/830.png','/asset/images/830.png','eldegoss','Blancoton',25,10,1,NULL),(831,'white',8,6,'/asset/imagesHQ/831.png','/asset/thumbnails-compressed/831.png','/asset/images/831.png','wooloo','Moumouton',60,1,5,NULL),(832,'white',8,13,'/asset/imagesHQ/832.png','/asset/thumbnails-compressed/832.png','/asset/images/832.png','dubwool','Moumouflon',430,1,5,NULL),(833,'green',8,3,'/asset/imagesHQ/833.png','/asset/thumbnails-compressed/833.png','/asset/images/833.png','chewtle','Khélocrok',85,1,3,NULL),(834,'green',8,10,'/asset/imagesHQ/834.png','/asset/thumbnails-compressed/834.png','/asset/images/834.png','drednaw','Torgamord',1155,1,3,12),(835,'yellow',8,3,'/asset/imagesHQ/835.png','/asset/thumbnails-compressed/835.png','/asset/images/835.png','yamper','Voltoutou',135,1,7,NULL),(836,'yellow',8,10,'/asset/imagesHQ/836.png','/asset/thumbnails-compressed/836.png','/asset/images/836.png','boltund','Fulgudog',340,1,7,NULL),(837,'black',8,3,'/asset/imagesHQ/837.png','/asset/thumbnails-compressed/837.png','/asset/images/837.png','rolycoly','Charbi',120,3,12,NULL),(838,'black',8,11,'/asset/imagesHQ/838.png','/asset/thumbnails-compressed/838.png','/asset/images/838.png','carkol','Wagomine',780,4,12,2),(839,'black',8,28,'/asset/imagesHQ/839.png','/asset/thumbnails-compressed/839.png','/asset/images/839.png','coalossal','Monthracite',3105,11,12,2),(840,'green',8,2,'/asset/imagesHQ/840.png','/asset/thumbnails-compressed/840.png','/asset/images/840.png','applin','Verpom',5,13,1,15),(841,'green',8,3,'/asset/imagesHQ/841.png','/asset/thumbnails-compressed/841.png','/asset/images/841.png','flapple','Pomdrapi',10,12,1,15),(842,'green',8,4,'/asset/imagesHQ/842.png','/asset/thumbnails-compressed/842.png','/asset/images/842.png','appletun','Dratatin',130,1,1,15),(843,'green',8,22,'/asset/imagesHQ/843.png','/asset/thumbnails-compressed/843.png','/asset/images/843.png','silicobra','Dunaja',76,13,8,NULL),(844,'green',8,38,'/asset/imagesHQ/844.png','/asset/thumbnails-compressed/844.png','/asset/images/844.png','sandaconda','Dunaconda',655,13,8,NULL),(845,'blue',8,8,'/asset/imagesHQ/845.png','/asset/thumbnails-compressed/845.png','/asset/images/845.png','cramorant','Nigosier',180,12,18,3),(846,'brown',8,5,'/asset/imagesHQ/846.png','/asset/thumbnails-compressed/846.png','/asset/images/846.png','arrokuda','Embrochet',10,5,3,NULL),(847,'brown',8,13,'/asset/imagesHQ/847.png','/asset/thumbnails-compressed/847.png','/asset/images/847.png','barraskewda','Hastacuda',300,5,3,NULL),(848,'purple',8,4,'/asset/imagesHQ/848.png','/asset/thumbnails-compressed/848.png','/asset/images/848.png','toxel','Toxizap',110,2,7,6),(849,'purple',8,16,'/asset/imagesHQ/849.png','/asset/thumbnails-compressed/849.png','/asset/images/849.png','toxtricity','Salarsen',400,2,7,6),(850,'red',8,7,'/asset/imagesHQ/850.png','/asset/thumbnails-compressed/850.png','/asset/images/850.png','sizzlipede','Grillepattes',10,9,2,4),(851,'red',8,30,'/asset/imagesHQ/851.png','/asset/thumbnails-compressed/851.png','/asset/images/851.png','centiskorch','Scolocendre',1200,9,2,4),(852,'brown',8,6,'/asset/imagesHQ/852.png','/asset/thumbnails-compressed/852.png','/asset/images/852.png','clobbopus','Poulpaf',40,9,10,NULL),(853,'blue',8,16,'/asset/imagesHQ/853.png','/asset/thumbnails-compressed/853.png','/asset/images/853.png','grapploct','Krakos',390,9,10,NULL),(854,'purple',8,1,'/asset/imagesHQ/854.png','/asset/thumbnails-compressed/854.png','/asset/images/854.png','sinistea','Théffroi',2,3,13,NULL),(855,'purple',8,2,'/asset/imagesHQ/855.png','/asset/thumbnails-compressed/855.png','/asset/images/855.png','polteageist','Polthégeist',4,3,13,NULL),(856,'pink',8,4,'/asset/imagesHQ/856.png','/asset/thumbnails-compressed/856.png','/asset/images/856.png','hatenna','Bibichut',34,4,11,NULL),(857,'pink',8,6,'/asset/imagesHQ/857.png','/asset/thumbnails-compressed/857.png','/asset/images/857.png','hattrem','Chapotus',48,11,11,NULL),(858,'pink',8,21,'/asset/imagesHQ/858.png','/asset/thumbnails-compressed/858.png','/asset/images/858.png','hatterene','Sorcilence',51,10,11,9),(859,'pink',8,4,'/asset/imagesHQ/859.png','/asset/thumbnails-compressed/859.png','/asset/images/859.png','impidimp','Grimalin',55,11,16,9),(860,'pink',8,8,'/asset/imagesHQ/860.png','/asset/thumbnails-compressed/860.png','/asset/images/860.png','morgrem','Fourbelin',125,11,16,9),(861,'purple',8,15,'/asset/imagesHQ/861.png','/asset/thumbnails-compressed/861.png','/asset/images/861.png','grimmsnarl','Angoliath',610,11,16,9),(862,'gray',8,16,'/asset/imagesHQ/862.png','/asset/thumbnails-compressed/862.png','/asset/images/862.png','obstagoon','Ixon',460,2,16,5),(863,'brown',8,8,'/asset/imagesHQ/863.png','/asset/thumbnails-compressed/863.png','/asset/images/863.png','perrserker','Berserkatt',280,2,17,NULL),(864,'white',8,10,'/asset/imagesHQ/864.png','/asset/thumbnails-compressed/864.png','/asset/images/864.png','cursola','Corayôme',4,14,13,NULL),(865,'white',8,8,'/asset/imagesHQ/865.png','/asset/thumbnails-compressed/865.png','/asset/images/865.png','sirfetchd','Palarticho',1170,12,10,NULL),(866,'purple',8,15,'/asset/imagesHQ/866.png','/asset/thumbnails-compressed/866.png','/asset/images/866.png','mr-rime','M. Glaquette',582,11,14,11),(867,'gray',8,16,'/asset/imagesHQ/867.png','/asset/thumbnails-compressed/867.png','/asset/images/867.png','runerigus','Tutétékri',666,10,8,13),(868,'white',8,2,'/asset/imagesHQ/868.png','/asset/thumbnails-compressed/868.png','/asset/images/868.png','milcery','Crèmy',3,3,9,NULL),(869,'white',8,3,'/asset/imagesHQ/869.png','/asset/thumbnails-compressed/869.png','/asset/images/869.png','alcremie','Charmilly',5,10,9,NULL),(870,'yellow',8,30,'/asset/imagesHQ/870.png','/asset/thumbnails-compressed/870.png','/asset/images/870.png','falinks','Hexadron',620,8,10,NULL),(871,'purple',8,3,'/asset/imagesHQ/871.png','/asset/thumbnails-compressed/871.png','/asset/images/871.png','pincurchin','Wattapik',10,9,7,NULL),(872,'white',8,3,'/asset/imagesHQ/872.png','/asset/thumbnails-compressed/872.png','/asset/images/872.png','snom','Frissonille',38,13,14,4),(873,'white',8,13,'/asset/imagesHQ/873.png','/asset/thumbnails-compressed/873.png','/asset/images/873.png','frosmoth','Beldeneige',420,7,14,4),(874,'gray',8,25,'/asset/imagesHQ/874.png','/asset/thumbnails-compressed/874.png','/asset/images/874.png','stonjourner','Dolman',5200,4,12,NULL),(875,'blue',8,14,'/asset/imagesHQ/875.png','/asset/thumbnails-compressed/875.png','/asset/images/875.png','eiscue','Bekaglaçon',890,2,14,NULL),(876,'purple',8,9,'/asset/imagesHQ/876.png','/asset/thumbnails-compressed/876.png','/asset/images/876.png','indeedee','Wimessir',280,2,11,5),(877,'yellow',8,3,'/asset/imagesHQ/877.png','/asset/thumbnails-compressed/877.png','/asset/images/877.png','morpeko','Morpeko',30,11,7,16),(878,'yellow',8,12,'/asset/imagesHQ/878.png','/asset/thumbnails-compressed/878.png','/asset/images/878.png','cufant','Charibari',1000,1,17,NULL),(879,'green',8,30,'/asset/imagesHQ/879.png','/asset/thumbnails-compressed/879.png','/asset/images/879.png','copperajah','Pachyradjah',6500,1,17,NULL),(880,'green',8,18,'/asset/imagesHQ/880.png','/asset/thumbnails-compressed/880.png','/asset/images/880.png','dracozolt','Galvagon',1900,2,7,15),(881,'blue',8,23,'/asset/imagesHQ/881.png','/asset/thumbnails-compressed/881.png','/asset/images/881.png','arctozolt','Galvagla',1500,2,7,14),(882,'green',8,23,'/asset/imagesHQ/882.png','/asset/thumbnails-compressed/882.png','/asset/images/882.png','dracovish','Hydragon',2150,4,3,15),(883,'blue',8,20,'/asset/imagesHQ/883.png','/asset/thumbnails-compressed/883.png','/asset/images/883.png','arctovish','Hydragla',1750,5,3,14),(884,'white',8,18,'/asset/imagesHQ/884.png','/asset/thumbnails-compressed/884.png','/asset/images/884.png','duraludon','Duralugon',400,2,17,15),(885,'green',8,5,'/asset/imagesHQ/885.png','/asset/thumbnails-compressed/885.png','/asset/images/885.png','dreepy','Fantyrm',20,13,15,13),(886,'green',8,14,'/asset/imagesHQ/886.png','/asset/thumbnails-compressed/886.png','/asset/images/886.png','drakloak','Dispareptil',110,14,15,13),(887,'green',8,30,'/asset/imagesHQ/887.png','/asset/thumbnails-compressed/887.png','/asset/images/887.png','dragapult','Lanssorien',500,2,15,13),(888,'blue',8,28,'/asset/imagesHQ/888.png','/asset/thumbnails-compressed/888.png','/asset/images/888.png','zacian','Zacian',1100,1,9,NULL),(889,'red',8,29,'/asset/imagesHQ/889.png','/asset/thumbnails-compressed/889.png','/asset/images/889.png','zamazenta','Zamazenta',2100,1,10,NULL),(890,'purple',8,200,'/asset/imagesHQ/890.png','/asset/thumbnails-compressed/890.png','/asset/images/890.png','eternatus','Éthernatos',9500,12,6,15),(891,'gray',8,6,'/asset/imagesHQ/891.png','/asset/thumbnails-compressed/891.png','/asset/images/891.png','kubfu','Wushours',120,2,10,NULL),(892,'gray',8,19,'/asset/imagesHQ/892.png','/asset/thumbnails-compressed/892.png','/asset/images/892.png','urshifu','Shifours',1050,11,10,16),(893,'green',8,18,'/asset/imagesHQ/893.png','/asset/thumbnails-compressed/893.png','/asset/images/893.png','zarude','Zarude',700,2,16,1),(894,'yellow',8,12,'/asset/imagesHQ/894.png','/asset/thumbnails-compressed/894.png','/asset/images/894.png','regieleki','Regieleki',1450,11,7,NULL),(895,'green',8,21,'/asset/imagesHQ/895.png','/asset/thumbnails-compressed/895.png','/asset/images/895.png','regidrago','Regidrago',2000,11,15,NULL),(896,'white',8,22,'/asset/imagesHQ/896.png','/asset/thumbnails-compressed/896.png','/asset/images/896.png','glastrier','Blizzeval',8000,1,14,NULL),(897,'black',8,20,'/asset/imagesHQ/897.png','/asset/thumbnails-compressed/897.png','/asset/images/897.png','spectrier','Spectreval',445,1,13,NULL),(898,'green',8,11,'/asset/imagesHQ/898.png','/asset/thumbnails-compressed/898.png','/asset/images/898.png','calyrex','Sylveroy',77,11,11,1),(899,'gray',8,18,'/asset/imagesHQ/899.png','/asset/thumbnails-compressed/899.png','/asset/images/899.png','wyrdeer','Cerbyllin',951,1,5,11),(900,'brown',8,18,'/asset/imagesHQ/900.png','/asset/thumbnails-compressed/900.png','/asset/images/900.png','kleavor','Hachécateur',890,7,4,12),(901,'brown',8,24,'/asset/imagesHQ/901.png','/asset/thumbnails-compressed/901.png','/asset/images/901.png','ursaluna','Ursaking',2900,1,8,5),(902,'green',8,30,'/asset/imagesHQ/902.png','/asset/thumbnails-compressed/902.png','/asset/images/902.png','basculegion','Paragruel',1100,5,3,13),(903,'gray',8,13,'/asset/imagesHQ/903.png','/asset/thumbnails-compressed/903.png','/asset/images/903.png','sneasler','Farfurex',430,2,10,6),(904,'black',8,25,'/asset/imagesHQ/904.png','/asset/thumbnails-compressed/904.png','/asset/images/904.png','overqwil','Qwilpik',605,5,16,6),(905,'pink',8,16,'/asset/imagesHQ/905.png','/asset/thumbnails-compressed/905.png','/asset/images/905.png','enamorus','Amovénus',480,14,9,18);
/*!40000 ALTER TABLE `pokemons` ENABLE KEYS */;
UNLOCK TABLES;

--
-- Table structure for table `splash_art_games`
--

DROP TABLE IF EXISTS `splash_art_games`;
/*!40101 SET @saved_cs_client     = @@character_set_client */;
/*!50503 SET character_set_client = utf8mb4 */;
CREATE TABLE `splash_art_games` (
  `id` varchar(36) NOT NULL,
  `center_x` double DEFAULT NULL,
  `center_y` double DEFAULT NULL,
  `date` date DEFAULT NULL,
  `pokemon_id` bigint NOT NULL,
  PRIMARY KEY (`id`),
  KEY `FK69t8kx6y41w8mcba6jp869yw3` (`pokemon_id`),
  CONSTRAINT `FK69t8kx6y41w8mcba6jp869yw3` FOREIGN KEY (`pokemon_id`) REFERENCES `pokemons` (`id`)
) ENGINE=InnoDB DEFAULT CHARSET=utf8mb4 COLLATE=utf8mb4_0900_ai_ci;
/*!40101 SET character_set_client = @saved_cs_client */;

--
-- Dumping data for table `splash_art_games`
--

LOCK TABLES `splash_art_games` WRITE;
/*!40000 ALTER TABLE `splash_art_games` DISABLE KEYS */;
INSERT INTO `splash_art_games` VALUES ('7dff5f37-3911-41c9-b664-8fc6b519abd6',0.3366587888609789,0.39670470252915435,'2022-12-22',298);
/*!40000 ALTER TABLE `splash_art_games` ENABLE KEYS */;
UNLOCK TABLES;

--
-- Table structure for table `splash_art_games_player`
--

DROP TABLE IF EXISTS `splash_art_games_player`;
/*!40101 SET @saved_cs_client     = @@character_set_client */;
/*!50503 SET character_set_client = utf8mb4 */;
CREATE TABLE `splash_art_games_player` (
  `id` varchar(36) NOT NULL,
  `creation_date` datetime(6) DEFAULT NULL,
  `score` double DEFAULT NULL,
  `success` bit(1) DEFAULT NULL,
  `success_date` datetime(6) DEFAULT NULL,
  `game_id` varchar(36) NOT NULL,
  `user_id` varchar(36) NOT NULL,
  PRIMARY KEY (`id`),
  KEY `FKq79e2hwuq77b7358wq9q30o9n` (`game_id`),
  KEY `FK2huqp041hfqxgf7df19mf2wab` (`user_id`),
  CONSTRAINT `FK2huqp041hfqxgf7df19mf2wab` FOREIGN KEY (`user_id`) REFERENCES `users` (`id`),
  CONSTRAINT `FKq79e2hwuq77b7358wq9q30o9n` FOREIGN KEY (`game_id`) REFERENCES `splash_art_games` (`id`)
) ENGINE=InnoDB DEFAULT CHARSET=utf8mb4 COLLATE=utf8mb4_0900_ai_ci;
/*!40101 SET character_set_client = @saved_cs_client */;

--
-- Dumping data for table `splash_art_games_player`
--

LOCK TABLES `splash_art_games_player` WRITE;
/*!40000 ALTER TABLE `splash_art_games_player` DISABLE KEYS */;
INSERT INTO `splash_art_games_player` VALUES ('59b53eeb-0346-4966-afdd-983bd8207bcf','2022-12-22 23:43:56.505000',54,_binary '','2022-12-22 23:45:36.810000','7dff5f37-3911-41c9-b664-8fc6b519abd6','68d6ca94-e6d4-4f0c-b105-0d358ce11fff');
/*!40000 ALTER TABLE `splash_art_games_player` ENABLE KEYS */;
UNLOCK TABLES;

--
-- Table structure for table `splash_art_round`
--

DROP TABLE IF EXISTS `splash_art_round`;
/*!40101 SET @saved_cs_client     = @@character_set_client */;
/*!50503 SET character_set_client = utf8mb4 */;
CREATE TABLE `splash_art_round` (
  `id` varchar(36) NOT NULL,
  `round` bigint DEFAULT NULL,
  `game_player_id` varchar(36) NOT NULL,
  `pokemon_id` bigint NOT NULL,
  PRIMARY KEY (`id`),
  KEY `FKoq25af6bkedh7kmhbh2mjc4ob` (`game_player_id`),
  KEY `FK37finkjnq71lpsjsn6xk8ke6h` (`pokemon_id`),
  CONSTRAINT `FK37finkjnq71lpsjsn6xk8ke6h` FOREIGN KEY (`pokemon_id`) REFERENCES `pokemons` (`id`),
  CONSTRAINT `FKoq25af6bkedh7kmhbh2mjc4ob` FOREIGN KEY (`game_player_id`) REFERENCES `splash_art_games_player` (`id`)
) ENGINE=InnoDB DEFAULT CHARSET=utf8mb4 COLLATE=utf8mb4_0900_ai_ci;
/*!40101 SET character_set_client = @saved_cs_client */;

--
-- Dumping data for table `splash_art_round`
--

LOCK TABLES `splash_art_round` WRITE;
/*!40000 ALTER TABLE `splash_art_round` DISABLE KEYS */;
INSERT INTO `splash_art_round` VALUES ('3567e6ab-7739-4e20-b902-e5270e3ff800',1,'59b53eeb-0346-4966-afdd-983bd8207bcf',23),('56c6af93-a654-4f57-9ba7-efabdac8986b',0,'59b53eeb-0346-4966-afdd-983bd8207bcf',769),('693cce35-9931-4216-9468-5a7fec69ec61',2,'59b53eeb-0346-4966-afdd-983bd8207bcf',194),('8a5cb650-a569-4ae6-a88a-26462516b62d',4,'59b53eeb-0346-4966-afdd-983bd8207bcf',184),('c45c0653-d001-498e-a3cb-57259a4a2fd6',3,'59b53eeb-0346-4966-afdd-983bd8207bcf',183),('d332826c-050e-4226-aad3-fc9d005fdc4f',5,'59b53eeb-0346-4966-afdd-983bd8207bcf',490),('d6b2a162-9df6-4e6f-9af2-8ba5c278129d',6,'59b53eeb-0346-4966-afdd-983bd8207bcf',298);
/*!40000 ALTER TABLE `splash_art_round` ENABLE KEYS */;
UNLOCK TABLES;

--
-- Table structure for table `users`
--

DROP TABLE IF EXISTS `users`;
/*!40101 SET @saved_cs_client     = @@character_set_client */;
/*!50503 SET character_set_client = utf8mb4 */;
CREATE TABLE `users` (
  `id` varchar(36) NOT NULL,
  `creation_date` datetime(6) DEFAULT NULL,
  `password` varchar(255) DEFAULT NULL,
  `role` varchar(255) DEFAULT NULL,
  `username` varchar(255) DEFAULT NULL,
  `avatar_id` bigint NOT NULL,
  PRIMARY KEY (`id`),
  KEY `FKe3ebty8jclnedsfyrgd2xfb2v` (`avatar_id`),
  CONSTRAINT `FKe3ebty8jclnedsfyrgd2xfb2v` FOREIGN KEY (`avatar_id`) REFERENCES `pokemons` (`id`)
) ENGINE=InnoDB DEFAULT CHARSET=utf8mb4 COLLATE=utf8mb4_0900_ai_ci;
/*!40101 SET character_set_client = @saved_cs_client */;

--
-- Dumping data for table `users`
--

LOCK TABLES `users` WRITE;
/*!40000 ALTER TABLE `users` DISABLE KEYS */;
INSERT INTO `users` VALUES ('68d6ca94-e6d4-4f0c-b105-0d358ce11fff','2022-12-22 23:40:31.305000','$2a$10$SEbRGLd/RYsHZVgWg4VfT.JD/cUyDjNvXFwMtzXxKbJmPPIvJ9e.C','USER','user',77);
/*!40000 ALTER TABLE `users` ENABLE KEYS */;
UNLOCK TABLES;
/*!40103 SET TIME_ZONE=@OLD_TIME_ZONE */;

/*!40101 SET SQL_MODE=@OLD_SQL_MODE */;
/*!40014 SET FOREIGN_KEY_CHECKS=@OLD_FOREIGN_KEY_CHECKS */;
/*!40014 SET UNIQUE_CHECKS=@OLD_UNIQUE_CHECKS */;
/*!40101 SET CHARACTER_SET_CLIENT=@OLD_CHARACTER_SET_CLIENT */;
/*!40101 SET CHARACTER_SET_RESULTS=@OLD_CHARACTER_SET_RESULTS */;
/*!40101 SET COLLATION_CONNECTION=@OLD_COLLATION_CONNECTION */;
/*!40111 SET SQL_NOTES=@OLD_SQL_NOTES */;

-- Dump completed on 2022-12-22 23:52:08
